chinese-car-rules-choice-001	汽車在隧道內行駛時：<br>(1) 不得開燈。<br>(2) 應開燈快行。<br>(3) 應開亮頭燈並依規定速限行駛。	3	05	chinese	car	rules	choice
chinese-car-rules-choice-002	夜間跟隨前車行駛之車輛：<br>(1) 用近光燈。<br>(2) 用遠光燈。<br>(3) 不必開燈。	1	05	chinese	car	rules	choice
chinese-car-rules-choice-003	汽車駕駛人最重要的是：<br>(1) 要有重視人命的道德觀念。<br>(2) 為趕時間可開快車。<br>(3) 注意沿路風景。	1	05	chinese	car	rules	choice
chinese-car-rules-choice-004	汽車在夜間行經市區照明情況良好處應該：<br>(1) 開近光燈。<br>(2) 開遠光燈。<br>(3) 多鳴喇叭。	1	05	chinese	car	rules	choice
chinese-car-rules-choice-005	當前燈遠光將要照射到來車駕駛人眼睛前，應：<br>(1) 改用近光燈。<br>(2) 燈光全熄。<br>(3) 仍開遠光燈。	1	05	chinese	car	rules	choice
chinese-car-rules-choice-006	乘客遺留財物在車上，應：<br>(1) 據為己有。<br>(2) 捐贈公益團體。<br>(3) 送交附近警察機關招領。	3	05	chinese	car	rules	choice
chinese-car-rules-choice-007	客車上下乘客應在：<br>(1) 右邊路側。<br>(2) 左邊路側。<br>(3) 任意停放即可。	1	05	chinese	car	rules	choice
chinese-car-rules-choice-008	在內側車道行駛之汽車，利用外側車道超車：<br>(1) 不可以。<br>(2) 可以。<br>(3) 沒有規定。	1	05	chinese	car	rules	choice
chinese-car-rules-choice-009	汽車駕駛人對乘客或貨主最優良的服務是安全、舒適、快捷，如果三者難以兼顧時，應以何者為優先：<br>(1) 舒適。<br>(2) 快捷。<br>(3) 安全。	3	05	chinese	car	rules	choice
chinese-car-rules-choice-010	汽車駕駛人的守法是為了：<br>(1) 害怕取締處罰而守法。<br>(2) 責任、榮譽及他人和自己的安全而守法。<br>(3) 有人監督而守法。	2	05	chinese	car	rules	choice
chinese-car-rules-choice-011	汽車駕駛人見到其他車輛或行人不良的表現，就會逞強好勝，意氣用事，性情暴躁，容易衝動，要如何去克制自己：<br>(1) 忍耐與禮讓。<br>(2) 據理力爭。<br>(3) 以牙還牙。	1	05	chinese	car	rules	choice
chinese-car-rules-choice-012	汽車駕駛人駕車行經交通混亂繁雜的地方，或道路施工地段應：<br>(1) 加速通過。<br>(2) 按喇叭搶先通過。<br>(3) 互相禮讓。	3	05	chinese	car	rules	choice
chinese-car-rules-choice-013	汽車油箱加油時：<br>(1) 引擎必須先熄火。<br>(2) 引擎不必熄火。<br>(3) 引擎熄火不熄火都無所謂。	1	05	chinese	car	rules	choice
chinese-car-rules-choice-014	乘客頭手：<br>(1) 可以伸出窗外。<br>(2) 不可伸出窗外。<br>(3) 天氣熱時可以伸出窗外，天氣冷時不可伸出窗外。	2	05	chinese	car	rules	choice
chinese-car-rules-choice-015	汽車駕駛人若想維持良好交通秩序，促進社會安全與家庭幸福應具有：<br>(1) 駕駛道德與守法精神。<br>(2) 僅重視駕駛技術。<br>(3) 不吸煙不飲酒。	1	05	chinese	car	rules	choice
chinese-car-rules-choice-016	汽車駕駛人應：<br>(1) 僅注意技術。<br>(2) 保持安全第一。<br>(3) 為達成任務要不眠不休。	2	05	chinese	car	rules	choice
chinese-car-rules-choice-017	我是優良駕駛員，隨時隨地遵守交通規則，希望(交通)警察為了交通安全，對於違規駕駛人應：<br>(1) 加強稽查從嚴取締。<br>(2) 不要稽查與取締。<br>(3) 只要稽查，不必取締。	1	05	chinese	car	rules	choice
chinese-car-rules-choice-018	行車至交岔路口，並已越過行人穿越道，如果黃燈亮了，應該：<br>(1) 停車。<br>(2) 退回行人穿越道後面。<br>(3) 繼續前進。	3	05	chinese	car	rules	choice
chinese-car-rules-choice-019	跟前車行到鐵路平交道前應該：<br>(1) 減速慢行與前車保持適當距離。<br>(2) 與平常一樣行駛。<br>(3) 加速通過平交道。	1	06	chinese	car	rules	choice
chinese-car-rules-choice-020	基於行車安全，作為一個汽車駕駛人，要重視：<br>(1) 僅汽車儀容即可。<br>(2) 安全重於時間的觀念。<br>(3) 僅交通設施即可。	2	05	chinese	car	rules	choice
chinese-car-rules-choice-021	汽車駕駛人要確保自己和他人的安全，日常應在道德修養上下功夫，盡量：<br>(1) 克制自己，幫助他人。<br>(2) 防止他人逞強。<br>(3) 想法子對付他人。	1	05	chinese	car	rules	choice
chinese-car-rules-choice-022	在郊外駕車時如發現有人牽著牲畜橫越道路時應：<br>(1) 按鳴喇叭，促其趕快通過。<br>(2) 加速搶越牲畜前通過。<br>(3) 減速慢行待其通過後再前進。	3	05	chinese	car	rules	choice
chinese-car-rules-choice-023	駕車行經泥濘或積水地段正有行人行走時應：<br>(1) 減速慢行，避免污水濺及行人。<br>(2) 加速衝過積水。<br>(3) 大鳴喇叭促使行人走避。	1	05	chinese	car	rules	choice
chinese-car-rules-choice-024	汽車行駛於道路時，駕駛人：<br>(1) 可以手持方式使用行動電話、電腦或其他相類功能裝置進行撥接、通話、數據通訊或其他有礙駕駛安全之行為。<br>(2) 不可以手持方式使用行動電話、電腦或其他相類功能裝置進行撥接、通話、數據通訊或其他有礙駕駛安全之行為。<br>(3) 路況良好時可以手持方式使用行動電話、電腦或其他相類功能裝置進行撥接、通話、數據通訊或其他有礙駕駛安全之行為。	2	05	chinese	car	rules	choice
chinese-car-rules-choice-025	在狹路與他車交會時應：<br>(1) 搶先前進迫使對方讓路。<br>(2) 預先估計有足夠位置儘量靠邊停讓他車先行。<br>(3) 大鳴喇叭，警告對方避讓。	2	05	chinese	car	rules	choice
chinese-car-rules-choice-026	遇老弱婦孺身心障礙者乘搭客車時應：<br>(1) 婉拒乘載。<br>(2) 待全部上車坐穩後再行開車。<br>(3) 可以加倍收費。	2	05	chinese	car	rules	choice
chinese-car-rules-choice-027	在行車途中，如目睹發生車禍，你應該：<br>(1) 儘速駛離現場。<br>(2) 暫留現場協助救護，並向處理人員作證。<br>(3) 如有查詢謊稱未看到。	2	05	chinese	car	rules	choice
chinese-car-rules-choice-028	在行車途中，精神疲勞稍有睡意，你應該怎麼辦：<br>(1) 提起精神，並減速慢行。<br>(2) 擦抹或服食藥物助長精神，照常行駛。<br>(3) 在最近適當路邊停車，下車稍作休息，恢復精神再開車。	3	05	chinese	car	rules	choice
chinese-car-rules-choice-029	在雙向二車道上〝欲〞超越前行車，發現對向有來車，你應該：<br>(1) 立即減速放棄超車。<br>(2) 馬上加速搶先超越。<br>(3) 按鳴喇叭，促來車減速或避讓。	1	05	chinese	car	rules	choice
chinese-car-rules-choice-030	雨天行車通過泥濘道路，輪胎發生打滑現象，你應該：<br>(1) 馬上踩煞車減速。<br>(2) 變換低速檔，雙手緊握方向盤，注意車尾滑向，往同方向適度操作方向盤。<br>(3) 踩油門加速通過。	2	05	chinese	car	rules	choice
chinese-car-rules-choice-031	行車中，發覺煞車失靈應：<br>(1) 立即變換低速檔，並亮右側方向燈，作靠邊停車準備。<br>(2) 立即向路旁停靠。 <br>(3) 開亮 車頭燈，並鳴喇叭，促使前方人車注意避讓。	1	05	chinese	car	rules	choice
chinese-car-rules-choice-032	在那種情形下，車輛可從公路行車分向線左邊行駛：<br>(1) 當道路右側停有車輛或障礙物而對向又無來車時。<br>(2) 上下坡時。<br>(3) 準備停車時。	1	05	chinese	car	rules	choice
chinese-car-rules-choice-033	在深夜郊外道路上，空曠無車無人的情況下：<br>(1) 可以超速行車。<br>(2) 仍應按規定速限內行駛。<br>(3) 可以稍微超過限制，但不宜太快。	2	05	chinese	car	rules	choice
chinese-car-rules-choice-034	汽車行經泥濘或積水路段，應：<br>(1) 加速通過以免陷入泥水中。<br>(2) 按鳴喇叭，促使行人避讓。<br>(3) 減速慢行，小心駕駛。	3	05	chinese	car	rules	choice
chinese-car-rules-choice-035	行駛前發現煞車或方向盤失靈，駕駛人應：<br>(1) 減速慢行。<br>(2) 照往常一樣行駛。<br>(3) 停止行駛，車輛送修。	3	05	chinese	car	rules	choice
chinese-car-rules-choice-036	汽車跟隨在消防車後急駛是：<br>(1) 可以。<br>(2) 不可以。<br>(3) 無規定。	2	05	chinese	car	rules	choice
chinese-car-rules-choice-037	行車速率愈高其反應距離：<br>(1) 不變。<br>(2) 愈短。<br>(3) 愈長。	3	05	chinese	car	rules	choice
chinese-car-rules-choice-038	飲酒後可以開車嗎？：<br>(1) 不可以。<br>(2) 可以。<br>(3) 慢慢開可以。	1	05	chinese	car	rules	choice
chinese-car-rules-choice-039	夜間行車交會，對方不變換近光燈時，應如何處理：<br>(1) 以眼還眼，也用遠光燈報復。<br>(2) 不和對方一般見識以近光燈減速行駛。<br>(3) 無所謂。	2	05	chinese	car	rules	choice
chinese-car-rules-choice-040	駕駛人在高速行車狀況下，生理上對於緊急事件之處理：<br>(1) 反應較平時遲鈍，應變能力減退。<br>(2) 和平時狀況不變。<br>(3) 比較平時更易處理。	1	05	chinese	car	rules	choice
chinese-car-rules-choice-041	載運危險物品車輛是否可進入八卦山或雪山隧道內：<br>(1) 可以。<br>(2) 不可以。<br>(3) 沒有特別規定。	2	03	chinese	car	rules	choice
chinese-car-rules-choice-042	汽車行駛於公路時，從車內向外拋擲物品、煙蒂或火種：<br>(1) 是極不道德且危險行為。<br>(2) 只要我高興有什麼不可以。<br>(3) 避免車內髒亂，應該往外丟棄。	1	03	chinese	car	rules	choice
chinese-car-rules-choice-043	長隧道內設置停車彎，其目的是供：<br>(1) 停車休息。<br>(2) 故障車輛停放。<br>(3) 前車阻路超車用。	2	03	chinese	car	rules	choice
chinese-car-rules-choice-044	汽車行駛於長隧道內：<br>(1) 可以任意變換車道。<br>(2) 不可以任意變換車道。<br>(3) 若因車道壅塞，可以變換至車輛較少之車道。	2	03	chinese	car	rules	choice
chinese-car-rules-choice-045	汽車進入長隧道遇火災發生時，應熄火停車：<br>(1) 人員留於車內並緊閉車窗待援。<br>(2) 將車門上鎖後所有人員下車逃生。<br>(3) 所有人員下車逃生，半開車窗，鑰匙留置車內並不得將車門上鎖。	3	03	chinese	car	rules	choice
chinese-car-rules-choice-046	汽車行駛於長隧道遇前方火災發生時，其逃生原則：<br>(1) 留在車內等待救援。<br>(2) 依車行反方向逃生。<br>(3) 依車行方向逃生。	2	03	chinese	car	rules	choice
chinese-car-rules-choice-047	長隧道之車行聯絡隧道（車行橫坑）：<br>(1) 供故障車輛停放。<br>(2) 危急必須開放時，車輛方得進入。<br>(3) 供一般車輛迴轉之用。	2	03	chinese	car	rules	choice
chinese-car-rules-choice-048	長隧道內若前方發生火災時，為降低火災產生黑煙之危害，逃生時如何方能避免濃煙、高溫擴散危害：<br>(1) 降低身形往車行反方向疏散。<br>(2) 降低身形往車行方向疏散。<br>(3) 快速往車行方向疏散。	1	03	chinese	car	rules	choice
chinese-car-rules-choice-049	小客車係指座位在：<br>(1) 10座以下。<br>(2)  9座以下。<br>(3)  11座以下。 之客車。	2	02	chinese	car	rules	choice
chinese-car-rules-choice-050	汽車定期檢驗，逾期一個月以上者，應處罰：<br>(1) 罰鍰及吊扣牌照。<br>(2) 吊銷牌照。<br>(3) 罰鍰。	1	02	chinese	car	rules	choice
chinese-car-rules-choice-051	學習駕駛證之學習駕車有效期間，自領證日起以幾年為限：<br>(1) 1年為限。<br>(2) 2年為限。<br>(3) 3年為限。	1	02	chinese	car	rules	choice
chinese-car-rules-choice-052	考領普通汽車駕照須年滿：<br>(1) 17歲。<br>(2) 18歲。<br>(3) 19歲。	2	02	chinese	car	rules	choice
chinese-car-rules-choice-053	考領職業汽車駕照須年滿：<br>(1) 18歲。<br>(2) 19歲。<br>(3) 20歲。	3	02	chinese	car	rules	choice
chinese-car-rules-choice-054	小貨車必須附載隨車作業人員者，除駕駛人外，不得超過：<br>(1) 2人。<br>(2) 1人。<br>(3) 3人。	1	02	chinese	car	rules	choice
chinese-car-rules-choice-055	汽車駕駛人，允許無駕駛執照之人，駕駛其車輛者應處罰：<br>(1) 吊扣其駕駛執照。<br>(2) 吊銷其駕駛執照。<br>(3) 吊銷其車輛牌照。	1	02	chinese	car	rules	choice
chinese-car-rules-choice-056	汽車駕駛人駕駛汽車肇事致人受傷或死亡，應即時處理，如肇事致人重傷或死亡而逃逸者：<br>(1) 吊銷駕駛執照，並終身不得再考領。<br>(2) 應予罰鍰。<br>(3) 吊扣駕照1年。	1	02	chinese	car	rules	choice
chinese-car-rules-choice-057	營業車(營業大客車除外)每年檢驗次數，應為：<br>(1) 出廠年份未滿5年者，每年至少檢驗1次; 5年以上者，每年至少檢驗2次。<br>(2) 出廠年份滿3年以上者，每年至少檢驗1次。<br>(3) 出廠年份未滿5年者，每年至少檢驗2次。	1	00	chinese	car	rules	choice
chinese-car-rules-choice-058	報考職業駕照者，各科及格成績：<br>(1) 交通規則70分，機械常識60分，路考70分。<br>(2) 交通規則85分，機械常識60分，路考70分。<br>(3) 交通規則85分，機械常識70分，路考70分。	2	02	chinese	car	rules	choice
chinese-car-rules-choice-059	汽車檢驗分3種：<br>(1) 停駛、定期、臨時檢驗。<br>(2) 申請牌照、定期、臨時檢驗。<br>(3) 報廢、排煙(氣)、定期檢驗。	2	02	chinese	car	rules	choice
chinese-car-rules-choice-060	職業駕駛執照自發照之日起每滿幾年審驗1次：<br>(1) 1年。 <br>(2) 2年。<br>(3) 3年。	3	02	chinese	car	rules	choice
chinese-car-rules-choice-061	學習駕駛證，以學習什麼車為限：<br>(1) 小型車。 <br>(2) 大貨車。<br>(3) 大客車。	1	02	chinese	car	rules	choice
chinese-car-rules-choice-062	領有小型車普通駕駛執照，可以駕駛：<br>(1) 自用小型車及輕型機車。<br>(2) 小客車與重型機車。<br>(3) 小客車及大貨車。	1	02	chinese	car	rules	choice
chinese-car-rules-choice-063	工程或公用事業機構人員，佩帶服務單位證章，或其他明顯識別標記，搭乘小型貨車，不得超過：<br>(1) 5人。<br>(2) 8人。<br>(3) 4人。	2	02	chinese	car	rules	choice
chinese-car-rules-choice-064	汽車行駛於道路上哪些人需繫安全帶：<br>(1) 汽車駕駛人。<br>(2) 前座乘客。<br>(3) 汽車駕駛人、前座及小型車後座乘客。	3	02	chinese	car	rules	choice
chinese-car-rules-choice-065	車道專供：<br>(1) 行人。<br>(2) 車輛。<br>(3) 行人與車輛。  通行之道路。	2	02	chinese	car	rules	choice
chinese-car-rules-choice-066	號誌是管制：<br>(1) 行進。<br>(2) 注意、停止。<br>(3) 注意、行進、停止等。 之指示訊號。	3	02	chinese	car	rules	choice
chinese-car-rules-choice-067	領有學習駕駛證者應在何處學習駕駛：<br>(1) 駕駛學習場內或依公路或市區道路主管機關指定之道路及時間內為之。<br>(2) 快速道路上。<br>(3) 高速公路 。	1	02	chinese	car	rules	choice
chinese-car-rules-choice-068	領有普通駕照，駕駛營業車輛營業者是：<br>(1) 違規的行為。<br>(2) 合法的行為。<br>(3) 法規並無限制。	1	02	chinese	car	rules	choice
chinese-car-rules-choice-069	汽車行駛至交岔路口欲轉彎時，應距交岔路口多少公尺前顯示方向燈：<br>(1) 10公尺。<br>(2) 20公尺。<br>(3) 30公尺。	3	02	chinese	car	rules	choice
chinese-car-rules-choice-070	駕駛執照破爛損毀不易辨明時，要：<br>(1) 申請換發。<br>(2) 重行考領。<br>(3) 等6年換照時再換領。	1	02	chinese	car	rules	choice
chinese-car-rules-choice-071	汽車駕駛人將駕駛執照借供他人駕車者，應處罰：<br>(1) 吊扣其駕駛執照。<br>(2) 吊銷其駕駛執照。<br>(3) 吊銷其車輛牌照。	1	02	chinese	car	rules	choice
chinese-car-rules-choice-072	汽車駕駛人使用偽造、變造或矇領之駕駛執照駕車者，應處：<br>(1) 罰鍰。<br>(2) 吊銷駕駛執照。<br>(3) 罰鍰、當場禁止其駕駛，並扣繳該駕駛執照。	3	02	chinese	car	rules	choice
chinese-car-rules-choice-073	駕駛執照遺失後應：<br>(1) 重新考領駕照。<br>(2) 向公路監理機關申請補發。<br>(3) 登報作廢即可。	2	02	chinese	car	rules	choice
chinese-car-rules-choice-074	以駕駛汽車為職業者是：<br>(1) 普通駕駛人。<br>(2) 普通駕駛人或職業駕駛人均可。<br>(3) 職業駕駛人。	3	02	chinese	car	rules	choice
chinese-car-rules-choice-075	汽車顏色、燃料種類等，有變更時，應：<br>(1) 向公路監理機關辦理登記。<br>(2) 向警察機關辦理登記。<br>(3) 向交通部辦理登記。	1	02	chinese	car	rules	choice
chinese-car-rules-choice-076	計程車車窗玻璃上：<br>(1) 可黏貼不透明反光紙。<br>(2) 不得黏貼不透明之色紙或隔熱紙。<br>(3) 應有窗簾。	2	02	chinese	car	rules	choice
chinese-car-rules-choice-077	自用小客車領有牌照，其出廠年份未滿幾年者，免予定期檢驗：<br>(1) 4年。<br>(2) 5年。<br>(3) 6年。	2	02	chinese	car	rules	choice
chinese-car-rules-choice-078	因患病、出國等事由，職業駕駛執照未能按時審驗時，可持原照及有關證明，向當地公路監理機關申請補辦審驗，但須在病癒或回國後：<br>(1) 1個月內。<br>(2) 3個月內。<br>(3) 6個月內。	3	02	chinese	car	rules	choice
chinese-car-rules-choice-079	申請汽車學習駕駛證，須年滿：<br>(1) 16歲。<br>(2) 18歲。<br>(3) 20歲。	2	02	chinese	car	rules	choice
chinese-car-rules-choice-080	領有汽車學習駕駛證，學習路線駕駛時，應由領有學習車類駕照之駕駛人，在旁指導監護：<br>(1) 是。<br>(2) 不是。<br>(3) 沒有規定。	1	02	chinese	car	rules	choice
chinese-car-rules-choice-081	申請報考職業駕駛執照，最高年齡不得超過：<br>(1) 45歲。<br>(2) 55歲。<br>(3) 65歲。	3	02	chinese	car	rules	choice
chinese-car-rules-choice-082	考領普通駕駛執照，最高年齡：<br>(1) 不受限制。<br>(2) 65歲。<br>(3) 60歲。	1	02	chinese	car	rules	choice
chinese-car-rules-choice-083	應考小型車普通駕駛執照者，須有學習駕駛多少時間之經歷：<br>(1) 6個月以上。<br>(2) 3個月以上。<br>(3) 2個月以上。	2	02	chinese	car	rules	choice
chinese-car-rules-choice-084	應考小型車職業駕駛執照者，須有學習駕駛經歷：<br>(1) 6個月以上或領有小型車普通駕駛執照3個月以上。<br>(2) 9個月以上。<br>(3) 10個月。	1	02	chinese	car	rules	choice
chinese-car-rules-choice-085	駕駛人姓名、出生年月日、住址等有變更時，如何處理：<br>(1) 沒有規定。<br>(2) 應向公路監理機關申請變更登記。<br>(3) 自行改正。	2	00	chinese	car	rules	choice
chinese-car-rules-choice-086	駕駛執照受吊銷、註銷或吊扣處分時應如何處理：<br>(1) 沒有規定。<br>(2) 應將駕駛執照繳回當地公路監理機關。<br>(3) 繳交警察機關。	2	02	chinese	car	rules	choice
chinese-car-rules-choice-087	託人代考駕照者，單就報考人之處分為：<br>(1) 取消報考人之考試資格，註銷已領有之駕駛執照，且自查獲之日起5年內不能再行報考。<br>(2) 3個月內不准再報考。<br>(3) 半年內不准再報考。	1	02	chinese	car	rules	choice
chinese-car-rules-choice-088	酒精、麻醉劑及興奮劑中毒者：<br>(1) 可參加駕駛執照考驗。<br>(2) 不得參加汽車駕駛執照考驗。<br>(3) 未有特別規定。	2	02	chinese	car	rules	choice
chinese-car-rules-choice-089	患有精神耗弱、目盲、癲癇疾病者：<br>(1) 不得參加駕駛執照考驗。<br>(2) 可參加普通駕駛執照考驗。<br>(3) 沒有特別規定。	1	02	chinese	car	rules	choice
chinese-car-rules-choice-090	受吊扣、吊銷駕駛執照之處分，尚未期滿者：<br>(1) 可參加駕駛執照考驗。<br>(2) 不得參加駕駛執照考驗。<br>(3) 未有特別規定。	2	02	chinese	car	rules	choice
chinese-car-rules-choice-091	駕駛執照遺失時：<br>(1) 要記住執照號碼，以備查問。<br>(2) 重新報考。<br>(3) 申請補發。	3	02	chinese	car	rules	choice
chinese-car-rules-choice-092	路考及格標準為：<br>(1) 60分。<br>(2) 70分。<br>(3) 80分。	2	02	chinese	car	rules	choice
chinese-car-rules-choice-093	交通規則及格標準為：<br>(1) 60分。<br>(2) 75分。<br>(3) 85分。	3	02	chinese	car	rules	choice
chinese-car-rules-choice-094	未領有汽車駕照駕駛小型車者應處罰鍰新臺幣：<br>(1)  300～600元。<br>(2) 3,600～7,200元。<br>(3) 6,000～12,000元。	3	02	chinese	car	rules	choice
chinese-car-rules-choice-095	臨時停車停止時間：<br>(1) 未滿3分鐘。<br>(2) 未滿5分鐘。<br>(3) 未滿10分鐘。	1	02	chinese	car	rules	choice
chinese-car-rules-choice-096	在行車時速40公里之路段汽車拋錨無法移置時：<br>(1) 應在車身後方 5-30 公尺之路面上，豎立車輛故障標誌。<br>(2) 開亮所有車燈，並時常連續按鳴喇叭。<br>(3) 顯示前後燈即可。	1	02	chinese	car	rules	choice
chinese-car-rules-choice-097	汽車車廂以外：<br>(1) 不得載人。<br>(2) 可以載人。<br>(3) 沒有限制。	1	02	chinese	car	rules	choice
chinese-car-rules-choice-098	汽車載運乘客：<br>(1) 不得超過核定人數。<br>(2) 視需要來決定。<br>(3) 沒有規定或限制。	1	02	chinese	car	rules	choice
chinese-car-rules-choice-099	計程車拒載乘客：<br>(1) 可以。<br>(2) 不可以。<br>(3) 沒有規定。	2	02	chinese	car	rules	choice
chinese-car-rules-choice-100	貨車裝載貨物寬度：<br>(1) 可以超出車身半公尺。<br>(2) 可以超出車身1公尺。<br>(3) 不得超出車身。	3	02	chinese	car	rules	choice
chinese-car-rules-choice-101	汽車裝載危險物品停車時，應停於：<br>(1) 地下室停車場。<br>(2) 空曠陰涼場所。<br>(3) 車多人少地方。	2	02	chinese	car	rules	choice
chinese-car-rules-choice-102	裝載危險物品車輛，發現外洩或滲漏時應即：<br>(1) 趕快加速開往目的地。<br>(2) 停車予以妥善處理。<br>(3) 沒有法令規定。	2	02	chinese	car	rules	choice
chinese-car-rules-choice-103	汽車駕駛人駕車，違反道路交通安全規則，因而肇事致人死亡者：<br>(1) 吊扣行車執照。<br>(2) 吊扣駕駛執照。<br>(3) 吊銷駕駛執照。	3	02	chinese	car	rules	choice
chinese-car-rules-choice-104	汽車駕駛人駕駛汽車肇事，雖無人受傷或死亡，卻未依規定處置且逃逸者，除處罰鍰外，並：<br>(1) 吊扣行車執照。<br>(2) 吊扣駕駛執照。<br>(3) 吊銷駕駛執照。	2	02	chinese	car	rules	choice
chinese-car-rules-choice-105	汽車行駛至交岔路口，其設有劃分島，劃分快慢車道者，在慢車道上行駛之車輛：<br>(1) 不得左轉。<br>(2) 可以左轉。<br>(3) 並無規定。	1	02	chinese	car	rules	choice
chinese-car-rules-choice-106	對向行駛之左右轉彎車輛，已轉彎須進入同一車道時應讓：<br>(1) 右轉彎車輛先行。<br>(2) 左轉彎車輛先行。<br>(3) 同時前進。	2	02	chinese	car	rules	choice
chinese-car-rules-choice-107	駕駛人不在未劃分標線道路之中央右側駕車者，應處：<br>(1) 吊扣駕駛執照。<br>(2) 罰鍰。<br>(3) 吊扣行車執照。	2	02	chinese	car	rules	choice
chinese-car-rules-choice-108	夜間會車，應使用：<br>(1) 遠光燈。<br>(2) 近光燈。<br>(3) 熄燈避讓即可。	2	02	chinese	car	rules	choice
chinese-car-rules-choice-109	汽車行至無號誌或號誌故障而無交通指揮人員指揮之交岔路口：<br>(1) 支線道車應讓幹線道車先行。<br>(2) 幹線道車讓支線道車。<br>(3) 可以不相讓。	1	02	chinese	car	rules	choice
chinese-car-rules-choice-110	汽車行駛至交岔路口，其行進轉彎，遇有交通指揮人員指揮與燈光號誌並用時，以：<br>(1) 交通指揮人員指揮為準。<br>(2) 燈光號誌為準。<br>(3) 無規定。	1	02	chinese	car	rules	choice
chinese-car-rules-choice-111	消防栓、消防車出入口，多少距離以內不得臨時停車：<br>(1) 10公尺。<br>(2) 5公尺。<br>(3) 15公尺。	2	02	chinese	car	rules	choice
chinese-car-rules-choice-112	汽車載運危險品行駛：<br>(1) 應在車輛前後端懸掛布質三角紅旗，以示警告。<br>(2) 與一般載運相同。<br>(3) 沒有規定。	1	02	chinese	car	rules	choice
chinese-car-rules-choice-113	貨車裝載體積或長度非框式車廂所能容納之貨物，其伸後長度最多不得超過車輛全長：<br>(1) 20% 。<br>(2) 25% 。<br>(3) 30% 。	3	02	chinese	car	rules	choice
chinese-car-rules-choice-114	行車速度，依速限標誌或標線之規定，無標誌或標線者，行車時速不得超過50公里。但在未劃設車道線、行車分向線或分向限制線之道路，或設有快慢車道分隔線之慢車道，時速不得超過：<br>(1) 40公里。<br>(2) 50公里。<br>(3) 60公里。	1	02	chinese	car	rules	choice
chinese-car-rules-choice-115	汽車駛至鐵路平交道前，如前面有車輛時，應俟前車駛離鐵路平交道多少公尺始得通過：<br>(1)  5公尺。<br>(2) 適當距離而後車能安全通過後。<br>(3) 15公尺。	2	06	chinese	car	rules	choice
chinese-car-rules-choice-116	以下何種車輛應在車後方加漆牌照號碼：<br>(1) 大客車。<br>(2) 自用小客車。<br>(3) 大貨車、 小貨車。	3	02	chinese	car	rules	choice
chinese-car-rules-choice-117	行車中，駕駛人看到鐵路平交道標誌或標線後，應即將車速減低至時速：<br>(1) 15公里以下。<br>(2) 20公里以下。<br>(3) 30公里以下。	1	06	chinese	car	rules	choice
chinese-car-rules-choice-118	汽車在同向二車道以上道路，速度較慢之小型汽車，應行駛：<br>(1) 內側車道。<br>(2) 外側車道。<br>(3) 慢車道。	2	02	chinese	car	rules	choice
chinese-car-rules-choice-119	汽車行駛至交岔路口，右轉彎時，應先：<br>(1) 顯示方向燈或手勢。<br>(2) 變換車道。<br>(3) 轉彎。	1	02	chinese	car	rules	choice
chinese-car-rules-choice-120	在同向二車道以上之道路，小型車應行駛於：<br>(1) 內側車道。<br>(2) 外側車道。<br>(3) 內外側車道均可，但不得任意變換車道。	3	02	chinese	car	rules	choice
chinese-car-rules-choice-121	裝載貨物在同一汽車時，重的貨物應放在：<br>(1) 車後部。<br>(2) 車前部。<br>(3) 平均分配在車底板上。	3	02	chinese	car	rules	choice
chinese-car-rules-choice-122	裝載超長、超寬、超高及超重整體物品應：<br>(1) 在晝間光線好的時候行駛。<br>(2) 須領有臨時通行證，並在車輛前後端懸掛危險標識。<br>(3) 貨物兩端應有人看守。	2	02	chinese	car	rules	choice
chinese-car-rules-choice-123	汽車非經公路監理機關核准：<br>(1) 可擅自附掛拖車。<br>(2) 不可擅自附掛拖車行駛。<br>(3) 只能附掛拖車一節。	2	02	chinese	car	rules	choice
chinese-car-rules-choice-124	行車前，對方向盤、煞車等機件，應：<br>(1) 詳細檢查。<br>(2) 不必檢查。<br>(3) 檢查或不檢查均可。	1	02	chinese	car	rules	choice
chinese-car-rules-choice-125	隨車工具，應：<br>(1) 隨車攜帶。<br>(2) 不必隨車攜帶。<br>(3) 存放車庫內。	1	02	chinese	car	rules	choice
chinese-car-rules-choice-126	汽車起駛前，應：<br>(1) 不必顯示方向燈。<br>(2) 按鳴喇叭3短聲。<br>(3) 顯示方向燈。	3	02	chinese	car	rules	choice
chinese-car-rules-choice-127	汽車駕駛人駕車：<br>(1) 可連續駕駛10小時。<br>(2) 連續駕駛不可超過8小時。<br>(3) 可依體力決定。	2	02	chinese	car	rules	choice
chinese-car-rules-choice-128	汽車向右轉彎時：<br>(1) 應先顯示車輛前後之右邊方向燈。<br>(2) 應先顯示車輛前後之左邊方向燈。<br>(3) 右臂平伸向右表示向右轉彎。	1	02	chinese	car	rules	choice
chinese-car-rules-choice-129	汽車駛近學校、醫院等處時：<br>(1) 多按鳴喇叭，使學生或病人等注意。<br>(2) 除遇有緊急或危險情況外，不得按鳴喇叭。<br>(3) 只能按喇叭1短聲。	2	02	chinese	car	rules	choice
chinese-car-rules-choice-130	汽車按鳴喇叭規定：<br>(1) 不得連續按鳴3次以上。<br>(2) 不得連續按鳴4次以上。<br>(3) 不得連續按鳴5次以上。	1	02	chinese	car	rules	choice
chinese-car-rules-choice-131	汽車按鳴喇叭時間，每次：<br>(1) 不得超過2秒。<br>(2) 不得超過1秒。<br>(3) 不得超過半秒。	3	02	chinese	car	rules	choice
chinese-car-rules-choice-132	汽車行駛在設有彎道、坡路、狹路標誌之路段，應該：<br>(1) 加速通過，以免車輛擁塞。<br>(2) 前車行駛速度太慢時，應按鳴喇叭使前車加速前進。<br>(3) 均應減速慢行，作隨時停車之準備。	3	02	chinese	car	rules	choice
chinese-car-rules-choice-133	汽車行經設有學校、醫院標誌之路段，應該：<br>(1) 減速慢行，作隨時停車之準備。<br>(2) 多按鳴喇叭，使行人注意。<br>(3) 加速通過，以免人車擁塞。	1	02	chinese	car	rules	choice
chinese-car-rules-choice-134	汽車在同一車道行駛時，後車與前車之間，應保持：<br>(1)  1公尺以上。<br>(2)  5公尺以上。<br>(3) 隨時可以煞停之距離。	3	02	chinese	car	rules	choice
chinese-car-rules-choice-135	汽車除行駛在單行道或指定行駛於左側車道外，在未劃行車分向線或分向限制線之道路，應：<br>(1) 靠右行駛。<br>(2) 靠左行駛。<br>(3) 在道路中間行駛。	1	02	chinese	car	rules	choice
chinese-car-rules-choice-136	汽車遇有特殊情況，必須行駛道路左側時，應該：<br>(1) 加速快行。<br>(2) 減速慢行並注意前方來車及路旁行人。<br>(3) 多按鳴喇叭，使對面來車知道。	2	02	chinese	car	rules	choice
chinese-car-rules-choice-137	汽車在峻狹坡道路會車時，應該：<br>(1) 下坡車讓上坡車先行。<br>(2) 上坡車讓下坡車先行。<br>(3) 不須相讓。	1	02	chinese	car	rules	choice
chinese-car-rules-choice-138	在未劃有分向標線之道路，或鐵路平交道，或不良道路會車時，應該：<br>(1) 加速快行。<br>(2) 減速慢行。<br>(3) 照常行駛。	2	02	chinese	car	rules	choice
chinese-car-rules-choice-139	在市區交通頻繁之道路：<br>(1) 按鳴喇叭兩長聲後，可以超車。<br>(2) 按鳴喇叭兩短聲後，可以超車。<br>(3) 不可鳴喇叭或超車。	3	02	chinese	car	rules	choice
chinese-car-rules-choice-140	領有臨時牌照之車輛：<br>(1) 不得載運客貨收費營業。<br>(2) 可以載貨營業。<br>(3) 無規定。	1	02	chinese	car	rules	choice
chinese-car-rules-choice-141	前行車駕駛人聞後行車超車之喇叭聲，如車前路況無障礙時：<br>(1) 應減速靠邊或表示允讓。<br>(2) 不必避讓。<br>(3) 加速行駛。	1	02	chinese	car	rules	choice
chinese-car-rules-choice-142	聞有消防車、救護車、警備車、工程救險車、毒性化學物質災害事故應變車等之警號時，不論來自何方，應：<br>(1) 立即避讓。<br>(2) 不須避讓。<br>(3) 只要不跨線行駛，就不必避讓。 	1	02	chinese	car	rules	choice
chinese-car-rules-choice-143	在內側車道行駛之車輛，欲在交岔路口左轉彎時，應該：<br>(1) 在交岔路口30公尺前顯示方向燈，行至交岔路口中心處左轉。<br>(2) 行至交岔路口處即行左轉。<br>(3) 顯示右方向燈左轉。	1	02	chinese	car	rules	choice
chinese-car-rules-choice-144	汽車行近行人穿越道前，應該：<br>(1) 減速慢行，遇有行人穿越時，應暫停讓行人優先通過。<br>(2) 依號誌指示或交通指揮人員之指揮通過。<br>(3) 按鳴喇叭加速通過。	1	02	chinese	car	rules	choice
chinese-car-rules-choice-145	鐵路平交道遮斷器未放下，或看守人員未表示停止時，應該：<br>(1) 仍應看、聽鐵路兩端確無火車駛來，始得通過。<br>(2) 加速通過。<br>(3) 俟看守人表示後通過。	1	06	chinese	car	rules	choice
chinese-car-rules-choice-146	下坡行車時應：<br>(1) 為節省油料可關閉電門放空檔滑行。<br>(2) 為了安全，不得將引擎熄火放空檔滑行。<br>(3) 不需換檔。	2	02	chinese	car	rules	choice
chinese-car-rules-choice-147	汽車在雙向二車道並劃有分向限制線之路段：（１）不得駛入來車之車道內。（２）可以駛入來車之車道內。（３）如前無來車，即可駛入來車之車道內。	1	02	chinese	car	rules	choice
chinese-car-rules-choice-148	汽車會車時，相互之間隔，不得少於：<br>(1) 2公尺。<br>(2) 1公尺。<br>(3) 半公尺。	3	02	chinese	car	rules	choice
chinese-car-rules-choice-149	汽車變換車道時，應先：<br>(1) 按鳴喇叭。<br>(2) 變換燈光。<br>(3) 顯示方向燈或手勢。	3	02	chinese	car	rules	choice
chinese-car-rules-choice-150	在設有彎道、坡路、狹橋、隧道標誌路段或鐵路平交道處：<br>(1) 可以迴車。<br>(2) 減速至5公里左右始可迴車。<br>(3) 不得迴車。	3	02	chinese	car	rules	choice
chinese-car-rules-choice-151	汽車行駛中遇濃霧，應該：<br>(1) 使用方向燈。<br>(2)  使用煞車燈。<br>(3) 開亮頭燈。	3	02	chinese	car	rules	choice
chinese-car-rules-choice-152	汽車迴車前應：<br>(1) 暫停並顯示左轉燈光或手勢，看清無來往車輛，並注意行人通過，始得迴轉。<br>(2) 不必顯示燈光或手勢，只要按鳴喇叭2長聲，就可迴轉。<br>(3) 只要按鳴3聲喇叭，即可迴轉。	1	02	chinese	car	rules	choice
chinese-car-rules-choice-153	汽車停車時應：<br>(1) 依車輛順行方向緊靠道路右側。<br>(2) 緊靠道路左側。<br>(3) 就近停車，不必管他人，自己方便即可。   但單行道應緊靠路邊停車。	1	00	chinese	car	rules	choice
chinese-car-rules-choice-154	報廢之車輛：<br>(1) 不得再行申請登檢領照使用。<br>(2) 修復後可申請登檢領照。<br>(3) 無規定。	1	02	chinese	car	rules	choice
chinese-car-rules-choice-155	汽車引擎、底盤、電系、車門損壞，不堪使用時，應：<br>(1) 向公路監理機關申請報廢，繳回牌照。<br>(2) 報廢之車輛任意丟棄。 <br>(3) 連同號牌賣給舊貨商人。	1	02	chinese	car	rules	choice
chinese-car-rules-choice-156	利用汽車犯罪經判決有期徒刑以上之刑確定者：<br>(1) 吊扣其駕照3個月至6個月。<br>(2) 吊銷其駕照並終身不得考領。<br>(3) 吊銷其駕照並1年內不得考領。	2	02	chinese	car	rules	choice
chinese-car-rules-choice-157	汽車發生交通事故遭受重大損壞，經修復後應實施：<br>(1) 定期檢驗。<br>(2) 臨時檢驗。<br>(3) 申請牌照檢驗。	2	02	chinese	car	rules	choice
chinese-car-rules-choice-158	計程車駕駛人不依規定辦理執業登記並領取登記證即行執業者：<br>(1) 吊扣駕照。<br>(2) 吊銷駕照。<br>(3) 處以罰鍰。	3	02	chinese	car	rules	choice
chinese-car-rules-choice-159	應考聯結車駕照者，其經歷須：<br>(1) 領有小客車駕照1年以上。<br>(2) 領有大貨車駕照1年以上。<br>(3) 領有大客車駕駛執照1年以上或領有大貨車駕駛執照2年以上。	3	02	chinese	car	rules	choice
chinese-car-rules-choice-160	領有大貨車駕駛執照可駕駛：<br>(1) 小型車及輕型機車。<br>(2) 大客車。<br>(3) 聯結車。	1	02	chinese	car	rules	choice
chinese-car-rules-choice-161	兒童乘坐小客車時，應坐於：<br>(1) 前座。<br>(2) 後座。<br>(3) 前後座均可。	2	02	chinese	car	rules	choice
chinese-car-rules-choice-162	汽車因故辦理停駛，期限最多不得超過：<br>(1) 1年。<br>(2) 1年半。<br>(3) 2年。 02	1		chinese	car	rules	choice
chinese-car-rules-choice-163	裝載危險物品之車輛，在橋樑、隧道、火場多少公尺範圍內，嚴禁停車：<br>(1) 100公尺。<br>(2)  200公尺。<br>(3)  300公尺。	1	02	chinese	car	rules	choice
chinese-car-rules-choice-164	交岔路口、公共汽車招呼站多少公尺內不得臨時停車：<br>(1) 10公尺。<br>(2) 20公尺。<br>(3) 30公尺。	1	02	chinese	car	rules	choice
chinese-car-rules-choice-165	使用偽造、變造、或矇領之牌照者，應處：<br>(1) 罰鍰並禁止其行駛。<br>(2) 扣繳牌照。<br>(3) 罰鍰，扣繳牌照並禁止其行駛。	3	02	chinese	car	rules	choice
chinese-car-rules-choice-166	汽車駕駛人有下列情形之一者，應施以道路交通安全講習：<br>(1) 闖越鐵路平交道。<br>(2) 於交岔路口10公尺內臨時停車。<br>(3) 變換車道時，未注意安全距離。	1	02	chinese	car	rules	choice
chinese-car-rules-choice-167	汽車所有人已領有號牌而不懸掛或不依指定位置懸掛者，應處罰：<br>(1) 罰鍰並吊扣牌照。<br>(2) 罰鍰並吊銷牌照。<br>(3) 罰鍰並禁止其行駛及牌照吊銷。	3	02	chinese	car	rules	choice
chinese-car-rules-choice-168	領有汽車駕照，駕駛重型機車者：<br>(1) 免罰。<br>(2) 罰鍰。<br>(3) 罰鍰並禁止其駕駛。	3	02	chinese	car	rules	choice
chinese-car-rules-choice-169	汽車駕駛人、前座或小型車後座乘客未繫安全帶行駛於下列何種道路會受罰鍰之處罰：<br>(1) 僅適用於省道。<br>(2) 僅適用於專用快速道路或高速公路。<br>(3) 任何道路。	3	02	chinese	car	rules	choice
chinese-car-rules-choice-170	汽車駕駛人酒後駕車，其吐氣酒精濃度超過規定標準但未涉刑事處罰者，應處：（１）移送法院依刑法判刑。（２）罰鍰並當場移置保管該汽車及吊扣其駕駛執照1年。（３）吊銷駕駛執照。	2	02	chinese	car	rules	choice
chinese-car-rules-choice-171	計程車駕駛人在營業之前，應：<br>(1) 考領職業駕照並辦理執業登記。<br>(2) 考領普通駕照並辦理執業登記。<br>(3) 只須考領職業駕照。	1	02	chinese	car	rules	choice
chinese-car-rules-choice-172	汽車駕駛人，行車速度超過規定之最高時速60公里以上者，處罰鍰新臺幣：<br>(1) 1,200～2,400元。<br>(2) 2,400～6,000元。<br>(3) 6,000～24,000元。	3	02	chinese	car	rules	choice
chinese-car-rules-choice-173	汽車駕駛人在6個月內違規記點共達6點以上者，除施以道安講習，並處：<br>(1) 吊銷駕照。<br>(2) 罰鍰。<br>(3) 吊扣駕照。	3	02	chinese	car	rules	choice
chinese-car-rules-choice-174	汽車記違規紀錄於3個月內共達3次以上者，處罰：<br>(1) 罰鍰。<br>(2) 吊扣汽車牌照。<br>(3) 吊銷汽車牌照。	2	02	chinese	car	rules	choice
chinese-car-rules-choice-175	酒醉駕車或行經行人穿越道不讓行人優先通行因而致人傷亡，如應負刑責者：<br>(1) 加重其刑至二分之一。<br>(2) 不須處罰。<br>(3) 仍按原來刑度處罰。	1	02	chinese	car	rules	choice
chinese-car-rules-choice-176	違反道路交通管理事件之受處分人，如不服處罰機關所作之處罰者 ，可以：<br>(1) 向管轄地方法院行政訴訟庭提起訴訟。<br>(2) 向交通部抗議。<br>(3) 向行政院陳情。	1	02	chinese	car	rules	choice
chinese-car-rules-choice-177	下列那些車輛應隨車配備合於規定之滅火器：（１）小型汽車。（２）機車。（３）大客車、大貨車、曳引車、幼童專用車及小型車附掛之廂式拖車。	3	02	chinese	car	rules	choice
chinese-car-rules-choice-178	下列何種車輛應配置防止捲入裝置：<br>(1) 小貨車。<br>(2) 大客車。<br>(3) 拖車及大貨車。	3	02	chinese	car	rules	choice
chinese-car-rules-choice-179	領有牌照之自用小客車，除使用液化石油氣及壓縮天然氣為燃料者外，檢驗次數應為：<br>(1) 出廠年份未滿5年者，免定期檢驗；5年以上未滿10年者，每年至少檢驗1次；10年以上者每年至少檢驗2次。<br>(2) 出廠年份10年以上者每年至少檢驗3次。<br>(3) 出廠年份未滿5年者，每年至少檢驗2次。	1	02	chinese	car	rules	choice
chinese-car-rules-choice-180	汽車行駛於非高、快速公路之一般道路上，其駕駛人、前座或小型車後座乘客未繫安全帶者，應處駕駛人罰鍰新臺幣：<br>(1) 500元。<br>(2) 1,500元。<br>(3) 3,000元。	2	02	chinese	car	rules	choice
chinese-car-rules-choice-181	汽車駕駛人於行駛道路時，以手持方式使用行動電話、電腦或其他相類功能裝置進行撥接、通話、數據通訊或其他有礙駕駛安全之行為者，處罰鍰新臺幣：<br>(1) 3,000元。<br>(2) 2,000元。<br>(3) 1,000元。	1	02	chinese	car	rules	choice
chinese-car-rules-choice-182	駕車酒精濃度超過規定標準，除當場移置保管該汽車及吊扣其駕駛執照1年，並處罰鍰新臺幣：<br>(1) 15,000 ~90,000元。<br>(2) 10,000 ~ 30,000元。<br>(3) 6,000 ~ 12,000元。	1	02	chinese	car	rules	choice
chinese-car-rules-choice-183	酒精濃度超過規定標準駕車之違規人，於5年內違反酒後駕車之規定2次以上者，除處罰鍰新臺幣90,000元，及當場移置保管該汽車，並應：<br>(1) 吊扣其行車執照。<br>(2) 吊銷其駕駛執照。<br>(3) 吊扣其駕駛執照。	2	02	chinese	car	rules	choice
chinese-car-rules-choice-184	兩輛以上之汽車在道路上競駛或競技者，除處罰汽車駕駛人新台幣30,000~90,000元罰鍰，及當場禁止其駕駛，並應：<br>(1) 吊扣其駕駛執照。<br>(2) 吊銷其牌照。<br>(3) 吊銷其駕駛執照。	3	02	chinese	car	rules	choice
chinese-car-rules-choice-185	汽車駕駛人若拒絕接受酒精濃度測試檢定者，除處罰鍰新臺幣90,000元，並：<br>(1) 吊銷其駕駛執照。<br>(2) 吊扣其駕駛執照。<br>(3) 吊扣其行車執照。	1	02	chinese	car	rules	choice
chinese-car-rules-choice-186	8公噸以上汽車未依規定裝設行車紀錄器者，處汽車所有人：<br>(1) 罰鍰。<br>(2) 吊扣行車執照<br>(3) 吊銷駕照。	1	02	chinese	car	rules	choice
chinese-car-rules-choice-187	小型車駕駛執照吊扣期間駕駛小型車者，除處新臺幣6,000～12,000元罰鍰，並當場禁止其駕駛外，並應：<br>(1) 再吊扣其行照。<br>(2) 再吊扣其駕照。<br>(3) 吊銷其駕照。	3	02	chinese	car	rules	choice
chinese-car-rules-choice-188	遇幼童專用車、校車不依規定禮讓，或減速慢行者，除記違規點數外，並處：<br>(1) 罰鍰。<br>(2) 吊銷駕照。<br>(3) 吊扣駕照。	1	02	chinese	car	rules	choice
chinese-car-rules-choice-189	於身心障礙專用停車位違規停車者：<br>(1) 罰鍰。<br>(2) 吊扣牌照。<br>(3) 勸導。	1	02	chinese	car	rules	choice
chinese-car-rules-choice-190	汽車所有人，明知駕駛人有酒後駕車之情形，而不予禁止者，除處罰鍰外，並應：<br>(1) 吊銷該汽車牌照。<br>(2) 吊扣其駕照。<br>(3) 吊扣該汽車牌照。	3	02	chinese	car	rules	choice
chinese-car-rules-choice-191	牌照借供他車使用或使用他車牌照行駛者，除罰鍰外，並應：<br>(1) 吊扣牌照。<br>(2) 吊銷牌照。<br>(3) 沒入車輛。	2	02	chinese	car	rules	choice
chinese-car-rules-choice-192	汽車駕駛人行駛高速公路、快速公路而不遵守管制規定之處罰：<br>(1) 記點不罰鍰。<br>(2) 罰鍰並違規記點。<br>(3) 罰鍰。	2	02	chinese	car	rules	choice
chinese-car-rules-choice-193	汽車駕駛人超速駕車者應處以：<br>(1) 罰鍰。<br>(2) 只記點不罰鍰。<br>(3) 罰鍰並違規記點。	3	02	chinese	car	rules	choice
chinese-car-rules-choice-194	汽車駕駛人行經有燈光號誌管制之交岔路口闖紅燈者：<br>(1) 罰鍰新臺幣3,600~5,400元。<br>(2) 吊扣駕照1個月。<br>(3) 罰鍰新臺幣1,800~5,400元並予違規記點。	3	02	chinese	car	rules	choice
chinese-car-rules-choice-195	在鐵路平交道超車、迴車、倒車或停車者，應處以：<br>(1) 罰鍰。<br>(2) 罰鍰並違規記點。<br>(3) 罰鍰並吊扣駕照。	2	02	chinese	car	rules	choice
chinese-car-rules-choice-196	貨車雖未超載但超過所行駛橋樑之載重限制者，應處以罰鍰並記：<br>(1) 車主。<br>(2) 託運人。<br>(3) 駕駛人。   違規點數2點。	3	02	chinese	car	rules	choice
chinese-car-rules-choice-197	強行闖越鐵路平交道之處罰是：<br>(1) 罰鍰並違規記點。<br>(2) 吊銷駕照。<br>(3) 罰鍰。	1	06	chinese	car	rules	choice
chinese-car-rules-choice-198	汽車駕駛人因違規記點，1年內經吊扣駕駛執照2次，再違反記點規定者，處以：<br>(1) 吊扣其駕駛執照。<br>(2) 吊銷其駕駛執照。<br>(3) 罰鍰。	2	02	chinese	car	rules	choice
chinese-car-rules-choice-199	汽車不依規定裝載危險物品者，除罰鍰外並：<br>(1) 違規記點。<br>(2) 吊扣牌照。<br>(3) 吊扣駕照。	1	02	chinese	car	rules	choice
chinese-car-rules-choice-200	駕駛人因違規而被處罰鍰並記違規記點以後應：<br>(1) 不予理會。<br>(2) 小心駕駛勿再違規。<br>(3) 從此不再開車。	2	02	chinese	car	rules	choice
chinese-car-rules-choice-201	駕駛裝載危險物品車輛之駕駛員：<br>(1) 應領有所駕駛車種之駕照外並經專業訓練合格並領有證書者。<br>(2) 只要有職業駕照即可。<br>(3) 有聯結車駕照即可。	1	02	chinese	car	rules	choice
chinese-car-rules-choice-202	占用道路之廢棄車輛，經民眾檢舉或由警察機關、環境保護主管機關查報後，由警察機關通知車主限期處理而屆期未清理者：（１）環保機關可移置保管，並可向車主收取費用。（２）任其占用。（３）依廢棄物處理。	1	02	chinese	car	rules	choice
chinese-car-rules-choice-203	占用道路之廢棄車輛，由環保單位或委託民間單位移置保管，經公告多久無人認領，可依廢棄物清除：<br>(1) 1個月。<br>(2) 2個月。<br>(3) 3個月。	1	02	chinese	car	rules	choice
chinese-car-rules-choice-204	逕行舉發汽車超速行駛時，其違規地點相距：<br>(1)  14公里以上。<br>(2) 8公里以上。<br>(3) 6公里以上。   得連續舉發之，但其違規地點在隧道內者，不在此限。	3	02	chinese	car	rules	choice
chinese-car-rules-choice-205	汽車所有人或汽車駕駛人接獲違反道路交通管理事件通知單後，於<br>(1) 10日。<br>(2) 30日。<br>(3) 50日。 內得不經裁決，逕依處罰條例第92條第4項之罰鍰基準規定，向指定之處所繳納結案。 	2	02	chinese	car	rules	choice
chinese-car-rules-choice-206	小客車前座或貨車駕駛室乘人超過規定人數者，處汽車駕駛人：<br>(1) 吊扣駕照。<br>(2) 罰鍰。<br>(3) 罰鍰並吊扣駕照。	2	02	chinese	car	rules	choice
chinese-car-rules-choice-207	汽車駕駛人駕駛汽車肇事無人受傷或死亡，且汽車尚能行駛而不儘速將汽車位置標繪移置路邊，致妨礙交通者處罰：<br>(1) 留置該汽車。<br>(2) 罰鍰。<br>(3) 扣留牌照。	2	02	chinese	car	rules	choice
chinese-car-rules-choice-208	汽車肇事逃逸案件，經通知汽車所有人到場說明，無故不到場說明，或不提供汽車駕駛人相關資料者：<br>(1) 吊銷該汽車牌照。<br>(2) 吊扣該汽車牌照。<br>(3) 吊扣汽車所有人駕照。	2	02	chinese	car	rules	choice
chinese-car-rules-choice-209	汽車駕駛人無照駕駛或酒醉駕車因而致人受傷或死亡，依法應負刑事責任者，加重其刑至：<br>(1) 三分之一。<br>(2) 二分之一。<br>(3) 一倍。	2	02	chinese	car	rules	choice
chinese-car-rules-choice-210	汽車駕駛人，在快車道上依規定行駛，因行人或慢車不依規定，擅自進入快車道，而致人受傷或死亡，依法應負刑事責任者：（１）一樣不變。（２）減輕其刑。（３）加重其刑。	2	02	chinese	car	rules	choice
chinese-car-rules-choice-211	受處分人，如有不服處罰之裁決者，應以原處分機關為被告，逕向管轄之地方法院行政訴訟庭提起訴訟；其中撤銷訴訟之提起，應於裁決書送達後：<br>(1) 10日。<br>(2) 20日。<br>(3) 30日。之不變期間內為之。	3	02	chinese	car	rules	choice
chinese-car-rules-choice-212	汽車駕駛人，駕車闖紅燈除罰鍰外並記違規點數：<br>(1) 1點。<br>(2) 2點。<br>(3) 3點。	3	02	chinese	car	rules	choice
chinese-car-rules-choice-213	下列何種違規行為得對汽車所有人逕行舉發處罰：<br>(1) 無照駕駛。<br>(2) 酒醉駕車。<br>(3) 違規停車而駕駛人不在場。	3	02	chinese	car	rules	choice
chinese-car-rules-choice-214	拼裝車輛未經核准 領用牌證行駛或報廢車仍行駛道路者，其車輛：<br>(1) 沒入之並罰鍰。<br>(2) 公告拍賣之。<br>(3) 繳清罰鍰後始得領回。	1	02	chinese	car	rules	choice
chinese-car-rules-choice-215	汽車駕駛人無照駕駛大貨車、大客車、聯結車之行為，經舉發後除罰鍰外，並：<br>(1) 吊銷牌照。<br>(2) 當場禁止其駕駛。<br>(3) 車輛沒入。	2	02	chinese	car	rules	choice
chinese-car-rules-choice-216	汽車駕駛人，駕駛汽車經酒精濃度測試檢定超過標準值，除罰鍰、當場移置保管該汽車外，並吊扣駕駛執照：<br>(1) 3個月。<br>(2) 6個月。<br>(3) 1年。	3	02	chinese	car	rules	choice
chinese-car-rules-choice-217	駕駛汽車行駛於高速公路或快速公路，汽車駕駛人、前座或小型車後座乘客未繫安全帶者，將處駕駛人罰鍰新臺幣：<br>(1) 1,000～2,000元。<br>(2) 1,500～3,000元。<br>(3) 3,000～6,000元。	3	02	chinese	car	rules	choice
chinese-car-rules-choice-218	裝置高音量喇叭或其他產生噪音器物者，處汽車所有人罰鍰並：<br>(1) 沒入車輛。<br>(2) 沒入高音量喇叭或噪音器物。<br>(3) 吊銷牌照。	2	02	chinese	car	rules	choice
chinese-car-rules-choice-219	汽車駕駛人於道路上蛇行駕駛，應處以：<br>(1) 罰鍰。<br>(2) 講習。<br>(3) 罰鍰及吊扣牌照3個月並應接受道路交通安全講習。	3	02	chinese	car	rules	choice
chinese-car-rules-choice-220	違規停車經舉發後仍未改正，每逾：<br>(1) 1小時。<br>(2) 2小時。<br>(3) 半小時。     得連續舉發。	2	02	chinese	car	rules	choice
chinese-car-rules-choice-221	逕行舉發汽車超速行駛時，其：<br>(1) 違規時間相隔4分鐘以上或行駛經過1個路口以上。<br>(2) 違規時間相隔5分鐘以上或行駛經過1個路口以上。<br>(3) 違規地點相距6公里以上、違規時間相隔6分鐘以上或行駛經過1個路口以上。     得連續舉發之。但其違規地點在隧道內者，不在此限。	3	02	chinese	car	rules	choice
chinese-car-rules-choice-222	汽車駕駛人違規併排停車將處罰鍰新臺幣：<br>(1) 1,200元。<br>(2) 1,800元。<br>(3)  2,400元。 	3	02	chinese	car	rules	choice
chinese-car-rules-choice-223	汽車駕駛人無正當理由，不依規定接受道路交通安全講習者，處新臺幣1,800元罰鍰，經再通知依限參加講習，逾期6個月以上仍不參加者，應罰：<br>(1) 吊扣行車執照。<br>(2) 吊銷駕駛執照。<br>(3) 吊扣駕駛執照。	3	02	chinese	car	rules	choice
chinese-car-rules-choice-224	酒後駕車酒精濃度超過規定標準被當場移置保管車輛，其罰鍰：<br>(1) 可以易處吊扣駕照。<br>(2) 不可以易處吊扣駕照。<br>(3) 沒規定。	2	02	chinese	car	rules	choice
chinese-car-rules-choice-225	汽車所有人或駕駛人於辦理車輛過戶、停駛、復駛、繳交牌照、註銷牌照、換發牌照或駕駛執照前：<br>(1) 應。<br>(2) 不需要。<br>(3) 沒規定。 繳清未結之違規罰鍰。 	1	02	chinese	car	rules	choice
chinese-car-rules-choice-226	汽車駕駛人有下列何種情況，須參加道路交通安全講習：<br>(1) 違規停車。<br>(2) 未帶駕照。<br>(3) 在道路上蛇行。	3	02	chinese	car	rules	choice
chinese-car-rules-choice-227	汽車進入隧道內可否任意停車、臨時停車、超車或倒車：<br>(1) 可以。<br>(2) 不可以。<br>(3) 無規定。	2	02	chinese	car	rules	choice
chinese-car-rules-choice-228	行車在高速或快速公路交流道上：<br>(1) 可以任意停車。<br>(2) 依號誌或警察指揮行駛。<br>(3) 交通情況許可時可以暫停。	2	04	chinese	car	rules	choice
chinese-car-rules-choice-229	行駛高速或快速公路：<br>(1) 可以迴轉。<br>(2) 不可以迴轉。<br>(3) 應選擇路面較寬的地方迴轉。	2	04	chinese	car	rules	choice
chinese-car-rules-choice-230	高速或快速公路匝道上速度限制每小時為：<br>(1) 20公里。<br>(2) 30公里。<br>(3) 應依速限標誌指示。	3	04	chinese	car	rules	choice
chinese-car-rules-choice-231	在高速公路最高速限每小時90公里以上之路段，行駛速率低於每小時：<br>(1) 60公里。<br>(2) 70公里。<br>(3) 80公里。   之較慢速小型車，應行駛於外側車道。	3	04	chinese	car	rules	choice
chinese-car-rules-choice-232	在高速或快速公路同一車道上行駛之小型車輛時速在70公里時，前後兩車間最少距離應為：<br>(1) 15公尺。<br>(2) 25公尺。<br>(3) 35公尺。	3	04	chinese	car	rules	choice
chinese-car-rules-choice-233	行駛高速或快速公路之汽車除在指定之場所外：<br>(1) 可以隨時停車上下乘客及裝卸貨物。<br>(2) 只可下乘客卸貨不可上乘客裝貨。<br>(3) 不得停車上下乘客或裝卸貨物。	3	04	chinese	car	rules	choice
chinese-car-rules-choice-234	汽車裝載危險物品行駛高速或快速公路時，應行駛：<br>(1) 內側車道。<br>(2) 外側車道。<br>(3) 內外側車道均可。    並禁止變換車道。	2	02	chinese	car	rules	choice
chinese-car-rules-choice-235	大型車輛在高速或快速公路行駛，應在：<br>(1) 內側車道行駛。<br>(2) 外側車道行駛。<br>(3) 可以任意在內外側車道行駛。	2	04	chinese	car	rules	choice
chinese-car-rules-choice-236	在高速公路之交通事故由何機關處理：<br>(1) 內政部警政署國道公路警察局。<br>(2) 所轄縣、市政府警察機關。<br>(3) 內政部警政署交通組。	1	04	chinese	car	rules	choice
chinese-car-rules-choice-237	在高速公路行車時突然發現車輛性能低落，車速無法達到60公里時應：<br>(1) 迅即進入最近交流道離開高速公路，以免被他車追撞危險。<br>(2) 應即停車修理。<br>(3) 仍繼續行駛。	1	04	chinese	car	rules	choice
chinese-car-rules-choice-238	汽車在高速或快速公路行駛中：<br>(1) 不得利用路肩超車。<br>(2) 可以利用路肩超車。<br>(3) 僅能利用加速車道超車。	1	04	chinese	car	rules	choice
chinese-car-rules-choice-239	正常天候下，高速或快速公路之最高行車速度限制為：<br>(1)  120公里∕小時。<br>(2) 110公里∕小時。<br>(3) 應依速限標誌指示。	3	04	chinese	car	rules	choice
chinese-car-rules-choice-240	濃霧、濃煙、大雨、強風，致能見度甚低時在高速或快速公路行駛之車輛時速：<br>(1) 應保持最低速度限制60公里以上。<br>(2) 應以低於40公里行駛或暫停路肩，並顯示危險警告燈。<br>(3) 應維持正常速度行車。	2	04	chinese	car	rules	choice
chinese-car-rules-choice-241	在單車道之匝道及加減速車道上駕駛車輛：（１）可以超車。（２）不得超車。（３）可以暫停行駛。	2	04	chinese	car	rules	choice
chinese-car-rules-choice-242	在高速或快速公路上行駛之車輛，若發生故障時，應：<br>(1) 滑離車道停靠路肩待援。<br>(2) 立即停車，乘客下車求援。<br>(3) 請朋友之車輛前來拖離。	1	04	chinese	car	rules	choice
chinese-car-rules-choice-243	在高速或快速公路行車：<br>(1) 不得超速競駛，不得低速併行。<br>(2) 可以超速競駛，但不得低速併行。<br>(3) 不得超速競駛，卻可以低速併行。	1	04	chinese	car	rules	choice
chinese-car-rules-choice-244	高速或快速公路的來往向車道是：<br>(1) 以一般道路標線劃分。<br>(2) 絕對分隔設置的單向車道。<br>(3) 以燈號顏色表示分隔車道。	2	04	chinese	car	rules	choice
chinese-car-rules-choice-245	汽車行進中，發現鄰側車道車輛已開啟方向燈，有變換車道意圖時應：<br>(1) 加速行駛阻擋超越。<br>(2) 適度減低車速禮讓。<br>(3) 併行競駛。	2	04	chinese	car	rules	choice
chinese-car-rules-choice-246	在高速行車狀況下，駕駛人視力較正常情況：<br>(1) 絕對不能適應。<br>(2) 因高速狀況而減退。<br>(3) 增強。	2	04	chinese	car	rules	choice
chinese-car-rules-choice-247	濃霧、濃煙、大雨、強風中行車，除減低速度外並應：<br>(1) 縮短與前車間距。<br>(2) 保持更長的安全間距。<br>(3) 無規定。	2	04	chinese	car	rules	choice
chinese-car-rules-choice-248	在高速或快速公路行車：<br>(1) 絕對不准超車。<br>(2) 按規定時速變換適當安全車道超車。<br>(3) 只准在規定超車的地段超車。	2	04	chinese	car	rules	choice
chinese-car-rules-choice-249	在高速或快速公路行車錯過了出口匝道：<br>(1) 可以迴轉出口。<br>(2) 繼續往前駛至次一出口。<br>(3) 可以倒車行駛。	2	04	chinese	car	rules	choice
chinese-car-rules-choice-250	梅花型的交通標誌是：<br>(1) 設在道路旁的裝飾圖案。<br>(2) 重要公路的表示。<br>(3) 國道標誌圖案。	3	02	chinese	car	rules	choice
chinese-car-rules-choice-251	高速或快速公路之內側車道為超車道，但小型車輛於不堵塞行車之狀況下：<br>(1) 可以慢速。<br>(2) 不可以。<br>(3) 得以該路段容許之最高速限。  行駛於內側車道。	3	04	chinese	car	rules	choice
chinese-car-rules-choice-252	在高速或快速公路上，大型車除超車外，應利用：<br>(1) 外側車道。<br>(2) 內側車道。<br>(3) 未規定。  行駛。	1	04	chinese	car	rules	choice
chinese-car-rules-choice-253	行駛高速或快速公路欲變換車道時，除顯示方向燈外，最重要的是：<br>(1) 有空位立即插入。<br>(2) 僅須注意前車之安全距離即可。<br>(3) 應注意前車及後方來車之安全距離。	3	04	chinese	car	rules	choice
chinese-car-rules-choice-254	為了趕時間：<br>(1) 可以超速行駛。<br>(2) 不必遵守交通規則。<br>(3) 仍要依規定駕駛。	3	01	chinese	car	rules	choice
chinese-car-rules-choice-255	防衛駕駛就是：<br>(1) 在車禍發生前，能立即採取合理謹慎行動加以防止。<br>(2) 優良駕駛技術。<br>(3) 良好生活習慣。	1	01	chinese	car	rules	choice
chinese-car-rules-choice-256	行駛高速或快速公路駛入主線：<br>(1) 先在加速車道減速，確認安全後才可駛入。<br>(2)  開啟左方向燈即可駛入。<br>(3) 先在加速車道加速，確認安全後才可駛入。	3	01	chinese	car	rules	choice
chinese-car-rules-choice-257	行駛高速或快速公路駛離主線：<br>(1) 可隨意轉出。<br>(2) 應先靠右行駛，逐漸減速駛出。<br>(3)  開啟右方向燈，即可駛出。	2	01	chinese	car	rules	choice
chinese-car-rules-choice-258	夜間駕駛汽車行駛市區及會車或跟前車距離在 100公尺以內時，為求安全：<br>(1) 戴有色眼鏡。<br>(2) 使用遠光燈。<br>(3) 使用 近光燈。	3	01	chinese	car	rules	choice
chinese-car-rules-choice-259	行駛在積水路段，應：<br>(1) 低速行駛。<br>(2) 快速通過。<br>(3) 多使用煞車。	1	01	chinese	car	rules	choice
chinese-car-rules-choice-260	夜間會車如來車以強烈的頭燈或遠光燈照射，駕駛人應：<br>(1) 以遠光燈報復。<br>(2) 緊靠中心線行駛。<br>(3)  儘量靠右減速行駛，並注意周遭路況。	3	01	chinese	car	rules	choice
chinese-car-rules-choice-261	汽車滑溜時：<br>(1) 方向盤往滑溜的反方向轉。<br>(2) 緊急煞車。<br>(3) 方向盤往滑溜的方向轉動，但勿猛然急轉。	3	01	chinese	car	rules	choice
chinese-car-rules-choice-262	汽車肇事後：<br>(1) 保持現場，報警處理。<br>(2) 與我無關趕快駛離。<br>(3) 據理力爭，以脫責任。	1	01	chinese	car	rules	choice
chinese-car-rules-choice-263	對地區鑑定會之汽車肇事責任鑑定有異議時，應：<br>(1) 絕對服從。<br>(2) 向覆議機關申請覆議。<br>(3) 向司法機關提出告訴。	2	01	chinese	car	rules	choice
chinese-car-rules-choice-264	行車速度愈快，駕駛人的視野：<br>(1) 不變。<br>(2) 愈狹窄。<br>(3) 愈寬廣。	2	01	chinese	car	rules	choice
chinese-car-rules-choice-265	超速是肇事的主因之一，預防之道：<br>(1) 作好時間規劃適時出門，以免趕時間而超速。<br>(2) 把汽車引擎油門調小些。<br>(3) 把汽車的煞車設備加大。	1	01	chinese	car	rules	choice
chinese-car-rules-choice-266	車輛於交岔路口左轉，以下何者為錯：<br>(1) 等左轉燈號亮才可左轉前進。<br>(2) 等直行車通過後才可左轉前進。<br>(3) 綠燈亮即可搶先左轉。	3	01	chinese	car	rules	choice
chinese-car-rules-choice-267	一般交通秩序會混亂，因而造成交通堵塞、癱瘓甚至造成車禍，其主要原因在於：<br>(1) 駕駛人或用路人不遵守交通規則。<br>(2) 車輛數量太多。<br>(3) 道路路面不寬敞。	1	01	chinese	car	rules	choice
chinese-car-rules-choice-268	車禍之發生大都是人為因素不遵守交通規則疏忽造成，因此應加強何者為先：<br>(1) 交通規則教育訓練，培養駕駛道德。<br>(2) 提高駕駛技術考驗。<br>(3) 灌輸車輛保養方法。	1	01	chinese	car	rules	choice
chinese-car-rules-choice-269	在多車道之路口前：<br>(1) 不得在雙白實線區變換車道。<br>(2) 為方便左右轉向可在雙白實線區變換車道。<br>(3) 可在雙白實線區任意停車上下乘客。	1	01	chinese	car	rules	choice
chinese-car-rules-choice-270	燈光照射距離突然變遠，表示可能正行駛在下坡路段，為防不測應：<br>(1) 減速慢行。<br>(2) 加速前進。<br>(3) 關閉大燈。	1	01	chinese	car	rules	choice
chinese-car-rules-choice-271	夜間行車如發現向前照射燈光消失，可能是道路中斷、橋樑斷裂或路面坍陷，為了行車安全，應即：<br>(1) 停車查看清楚後再行駛。<br>(2) 繼續前行不理它。<br>(3) 關閉大燈以免周圍反射看不清楚。	1	01	chinese	car	rules	choice
chinese-car-rules-choice-272	汽車在強風中行駛，若感覺車身有搖晃現象時應：<br>(1) 穩握方向盤減低行車速度，加大跟車距離，避免變換車道。<br>(2) 加速通過。<br>(3) 不影響行車安全不必理會。	1	01	chinese	car	rules	choice
chinese-car-rules-choice-273	在轉彎時發生車禍的原因為駕駛人：<br>(1) 僅疏忽視野死角。<br>(2) 僅疏忽內輪差。<br>(3) 既疏忽視野死角也疏忽內輪差。	3	01	chinese	car	rules	choice
chinese-car-rules-choice-274	汽車行駛高速公路或快速公路，應特別重視行車前保養及檢查：<br>(1) 檢查「油」即可。<br>(2) 檢查「油」及「電」即可。<br>(3) 「油」、「水」、「電」均須檢查。	3	01	chinese	car	rules	choice
chinese-car-rules-choice-275	酒後開車，對駕駛人會產生「視覺之隧道效應」，駕駛者猶如在隧道中行車，前有亮光但四周漆黑，故酒後駕車：<br>(1) 視野不變。<br>(2) 視野變廣。<br>(3) 視野變窄。	3	01	chinese	car	rules	choice
chinese-car-rules-choice-276	大型車輛通過時猶如唧筒吸走空氣，隨後會產生強大之吸力，故與大型車併行或會車時應：<br>(1) 握緊方向盤。<br>(2) 放鬆方向盤。<br>(3) 無所謂 。	1	01	chinese	car	rules	choice
chinese-car-rules-choice-277	行駛高速公路前，應注意收聽電台廣播及利用：<br>(1) 104。<br>(2) 117。<br>(3) 1968。    電話之路況報導，掌握即時道路交通狀況，彈性調整行駛路線。	3	01	chinese	car	rules	choice
chinese-car-rules-choice-278	行駛高速或快速公路時：<br>(1) 僅大型車。<br>(2) 僅慢速車。<br>(3) 大型車及慢速車。    不得佔用內側車道，以避免其他車輛為超車而任意變換車道 。	3	01	chinese	car	rules	choice
chinese-car-rules-choice-279	在同向二車道行車時，如遇機車行駛於與你同一車道的前方，你應：<br>(1) 鳴喇叭促其駛回慢車道。<br>(2) 直接併行超越之。<br>(3) 跟隨其後或從內側車道予以超車。	3	01	chinese	car	rules	choice
chinese-car-rules-choice-280	汽車駕駛人駕車進入高速或快速公路時，應採何種方式：<br>(1) 應先利用右側加速車道逐漸增加車速，顯示左方向燈，並查看左後方無來車再匯入外側車道。<br>(2) 只要顯示方向燈，便直接駛入外側車道。<br>(3) 可直接駛入外側車道或內側車道。	1	01	chinese	car	rules	choice
chinese-car-rules-choice-281	汽車駕駛人駕駛汽車經測試檢定，其吐氣所含酒精濃度不得達每公升：<br>(1) 0.15毫克。<br>(2) 0.25毫克。<br>(3) 0.55毫克。	1	03	chinese	car	rules	choice
chinese-car-rules-choice-282	汽車肇事，傷者有休克現象時臉色呈：<br>(1) 蒼白。<br>(2) 鉛灰色。<br>(3) 潮紅症狀。	1	03	chinese	car	rules	choice
chinese-car-rules-choice-283	血色鮮紅血液連續作噴狀流出係：<br>(1) 靜脈出血。<br>(2) 微血管出血。<br>(3) 動脈出血。	3	03	chinese	car	rules	choice
chinese-car-rules-choice-284	汽車因碰撞起火燃燒，而致空氣中氧氣不足或呼吸道被物阻塞都會造成：<br>(1) 休克。<br>(2) 窒息。<br>(3) 嘔吐。	2	03	chinese	car	rules	choice
chinese-car-rules-choice-285	斷骨穿出皮外大量流血時，應先：<br>(1) 企圖把斷骨推回原位。<br>(2) 止血。<br>(3) 送醫治療。	2	03	chinese	car	rules	choice
chinese-car-rules-choice-286	小客車行駛於高速公路時，以多少時速行駛，耗油最少? (１)80～90公里。(２)50～60公里。(３) 110～120公里。	1	05	chinese	car	rules	choice
chinese-car-rules-choice-287	汽機車排放廢氣中會造成地球溫室效應的主要氣體是哪一種? (１)一氧化碳。(２)二氧化碳。(３)氮氣。	2	05	chinese	car	rules	choice
chinese-car-rules-choice-288	小客車附載幼童未依規定安置於安全椅者，應處駕駛人：<br>(1) 吊扣駕駛執照。<br>(2) 吊銷駕駛執照。<br>(3) 罰鍰。	3	02	chinese	car	rules	choice
chinese-car-rules-choice-289	汽車駕駛人對於6歲以下或需要特別看護之兒童，單獨留置車內者，處駕駛人：<br>(1) 罰鍰。<br>(2) 罰鍰並施以4小時道路交通安全講習。<br>(3) 罰鍰並予違規記點。	2	02	chinese	car	rules	choice
chinese-car-rules-choice-290	哪些駕駛行為，得以非固定式科學儀器取得證據資料，逕行舉發處罰：<br>(1) 行駛路肩。<br>(2) 未保持安全距離。<br>(3) 以上皆是。	3	02	chinese	car	rules	choice
chinese-car-rules-choice-291	汽車號牌遺失不報請補發，經舉發後仍不辦理而行駛者：<br>(1) 免罰但應禁止其行駛。<br>(2) 處汽車所有人罰鍰，並禁止其行駛。<br>(3) 處汽車駕駛人罰鍰。	2	02	chinese	car	rules	choice
chinese-car-rules-choice-292	汽車駕駛人對幾歲以下或需要特別看護之兒童，單獨留置於車內者，處駕駛人新臺幣3,000元罰鍰，並施以4小時道路交通安全講習：<br>(1) 4歲。<br>(2) 5歲。<br>(3) 6歲。	3	02	chinese	car	rules	choice
chinese-car-rules-choice-293	汽車駕駛人行車速度，超過規定之最高時速多少公里以上者，處新臺幣6,000～24,000元罰鍰，並當場禁止其駕駛：<br>(1) 40公里。 <br>(2) 50公里。<br>(3) 60公里。	3	02	chinese	car	rules	choice
chinese-car-rules-choice-294	汽車駕駛人行經道路設有劃分島，劃分快、慢車道，在快車道：<br>(1) 可以右轉彎。<br>(2) 不得右轉彎。<br>(3) 無特別規定。	2	02	chinese	car	rules	choice
chinese-car-rules-choice-295	汽車駕駛人駕駛營業大客車，因酒後駕駛有受吊扣駕駛執照之情形者，應吊銷其駕駛執照，並：<br>(1) 2年內不得考領。<br>(2) 3年內不得考領。<br>(3) 4年內不得考領。	3	02	chinese	car	rules	choice
chinese-car-rules-choice-296	經終身吊銷汽車駕駛執照之受處分人，如為肇事致人死亡案件，經吊銷駕駛執照處分執行已逾幾年，得向公路主管機關申請考領駕駛執照：<br>(1) 8年。<br>(2) 10年。<br>(3) 12年。	3	02	chinese	car	rules	choice
chinese-car-rules-choice-297	大型汽車在同向三車道以上之道路，除準備左轉彎外，不得行駛：<br>(1) 內側車道。<br>(2) 中線車道。<br>(3) 外側車道。	1	02	chinese	car	rules	choice
chinese-car-rules-choice-298	汽缸總排氣量550立方公分以上之大型重型機車行駛於快速公路途中，因機件故障或其他緊急情況無法繼續行駛時滑離車道，應顯示危險警告燈，牽移離開車道，在故障車輛後方：<br>(1) 50公尺處。<br>(2) 100公尺處。<br>(3) 200公尺處。   設置車輛故障警示設施。	2	04	chinese	car	rules	choice
chinese-car-rules-choice-299	適當的跟車距離，為什麼可以防止肇事，因為：<br>(1) 有摩擦力。<br>(2) 有足夠的反應時間與空間。<br>(3) 有牽引力。	2	01	chinese	car	rules	choice
chinese-car-rules-choice-300	最小安全跟車距離，必須：<br>(1) 大於。<br>(2) 小於。<br>(3) 等於。  停車距離。	1	01	chinese	car	rules	choice
chinese-car-rules-choice-301	汽車在高速行駛時，載重的重心愈低，其穩定性： <br>(1) 愈佳。<br>(2) 不佳。<br>(3) 不受影響。	1	01	chinese	car	rules	choice
chinese-car-rules-choice-302	汽車轉彎時，軸距愈長則內外輪差也愈大，也就是所需路面的寬度也：<br>(1) 愈小。<br>(2) 愈大。<br>(3) 不變。	2	01	chinese	car	rules	choice
chinese-car-rules-choice-303	汽車穿越積水路面後，應特別注意：<br>(1) 試開燈光。<br>(2) 試踩離合器。<br>(3) 試踩煞車。	3	01	chinese	car	rules	choice
chinese-car-rules-choice-304	下列敍述何者正確，行車當中：<br>(1) 儀錶板出現警告燈，不予理會。<br>(2) 發現引擎有冒煙仍繼續行駛。<br>(3) 發現煞車失靈，應保持冷靜，向路邊空曠處停靠。	3	01	chinese	car	rules	choice
chinese-car-rules-choice-305	汽車駕駛人駕駛汽車肇事，無人受傷或死亡且汽車尚能行駛，應優先：<br>(1) 等待警察前來處理。<br>(2) 將汽車位置標繪後並迅速移置路邊。<br>(3) 通知保險公司。	2	01	chinese	car	rules	choice
chinese-car-rules-choice-306	汽車肇事後在地面標繪相關證物位置後，下列何種狀況應將車輛立即移至路邊，切勿妨礙交通：<br>(1) 輕微事故無人傷亡。<br>(2) 有人重傷。<br>(3) 有人死亡。	1	01	chinese	car	rules	choice
chinese-car-rules-choice-307	汽車肇事後在最高速限超過50~60公里之路段，應在車後多少公尺處放置車輛故障標誌：<br>(1) 50~100公尺。<br>(2) 30~100公尺。<br>(3) 5~30公尺。	2	01	chinese	car	rules	choice
chinese-car-rules-choice-308	汽車肇事時，若以路權責任歸屬，下列何者為正確：<br>(1) 直行車應讓轉彎車。<br>(2) 先到路口者先行。<br>(3) 轉彎車應讓直行車。	3	01	chinese	car	rules	choice
chinese-car-rules-choice-309	發生交通事故時，當事人應儘量在現場尋找：<br>(1) 親朋好友。<br>(2) 目擊證人。<br>(3) 法律人士。    以利協助案情釐清。	2	01	chinese	car	rules	choice
chinese-car-rules-choice-310	自車禍發生之日起，申請鑑定的期限為：<br>(1) 1個月。<br>(2) 3個月。<br>(3) 6個月。	3	01	chinese	car	rules	choice
chinese-car-rules-choice-311	汽、機車進入加油站加油時：<br>(1) 應熄火後再加油。<br>(2) 熄火或不熄火都可加油。<br>(3) 由於車內開空調，因此不能熄火。	1	05	chinese	car	rules	choice
chinese-car-rules-choice-312	汽、機車進入加油站加油時：<br>(1) 可撥、接行動電話。<br>(2) 只可接聽，但不可撥打行動電話。<br>(3) 嚴禁撥、接行動電話。	3	05	chinese	car	rules	choice
chinese-car-rules-choice-313	汽車行經交岔路口，行車管制號誌為綠燈時：<br>(1) 通行權在我，應加速通過。<br>(2) 應停車，再重新起步行駛通過。<br>(3) 應減速並小心行駛通過。	3	05	chinese	car	rules	choice
chinese-car-rules-choice-314	行車至交岔路口，號誌為閃光黃燈時，應該如何處置才正確：<br>(1) 停車察看，即可通過。<br>(2) 不必察看，快速通過。<br>(3) 減速接近，左右察看小心通過。	3	05	chinese	car	rules	choice
chinese-car-rules-choice-315	汽車行經無號誌管制之交岔路口，比較安全的做法是：<br>(1) 先看右，後看左。<br>(2) 先看左，後看右。<br>(3) 先看哪邊都無所謂。	2	05	chinese	car	rules	choice
chinese-car-rules-choice-316	行車時應：<br>(1) 正視前方並注意左右來車。<br>(2) 左顧右盼且可以吃東西。<br>(3) 與鄰座乘客聊天嬉戲。	1	05	chinese	car	rules	choice
chinese-car-rules-choice-317	行車時應注意：<br>(1) 路旁的商家。<br>(2) 前方號誌、標誌指示及前車的行車動向。<br>(3) 四周的風景。	2	05	chinese	car	rules	choice
chinese-car-rules-choice-318	夜間駕車，駕駛人不易發現的目標是：<br>(1)  移動中的行人。<br>(2)  站立的人物。<br>(3) 移動中的車輛。	2	05	chinese	car	rules	choice
chinese-car-rules-choice-319	對向行駛之汽車，左右轉彎進入二車道以上之道路時：<br>(1) 左轉彎車應進入外側車道，右轉彎車進入內側車道。<br>(2) 右轉彎車應進入外側車道，左轉彎車應進入內側車道。<br>(3) 任意行駛不受限制。	2	05	chinese	car	rules	choice
chinese-car-rules-choice-320	汽車轉彎時會產生離心力，因此在：<br>(1) 入彎前。<br>(2) 轉彎中。<br>(3) 以上皆可。   即應充分減速，以免車輛失控。	1	05	chinese	car	rules	choice
chinese-car-rules-choice-321	汽車行駛彎道時速度愈快，所產生的離心力：<br>(1) 愈大。<br>(2) 愈小。<br>(3) 不變。	1	05	chinese	car	rules	choice
chinese-car-rules-choice-322	所謂二段式開門方法，是：<br>(1) 將車門分兩次開，不必確認前後方有無來車及行人。<br>(2) 先打開車門少許，並確認前後方無來車及行人後再打開。<br>(3) 以上皆是。	2	05	chinese	car	rules	choice
chinese-car-rules-choice-323	駕車於上坡路段使用二檔時，下坡應使用：<br>(1) 四檔 。<br>(2) 三檔。<br>(3) 二檔。	3	05	chinese	car	rules	choice
chinese-car-rules-choice-324	汽車下長坡時，最安全控制速度的方法，是使用：<br>(1) 腳煞車。<br>(2) 手煞車。<br>(3) 低速檔適時配合引擎煞車。	3	05	chinese	car	rules	choice
chinese-car-rules-choice-325	在山區下坡路段應使用低速檔行駛，其換檔時機為：<br>(1) 下坡前。<br>(2) 下坡途中超速時。<br>(3) 以上皆是。	1	05	chinese	car	rules	choice
chinese-car-rules-choice-326	緊急煞車致使車輪鎖死時，煞車距離會：<br>(1) 縮短。<br>(2) 變長。<br>(3) 不變。	2	05	chinese	car	rules	choice
chinese-car-rules-choice-327	一般汽車緊急煞車時，如導致車輪鎖死，若將方向盤向右轉，車輛的行進方向為：<br>(1) 向右。<br>(2) 向左。<br>(3) 方向無法控制。	3	05	chinese	car	rules	choice
chinese-car-rules-choice-328	行車最高指導原則，絕對是：<br>(1) 車速越慢越好。<br>(2) 與前車保持安全車距。<br>(3) 緊跟前車較不易出錯。	2	05	chinese	car	rules	choice
chinese-car-rules-choice-329	前方路上發生事故，警察已到現場處理，應：<br>(1) 緊張尖叫。<br>(2) 停在路旁觀看。<br>(3) 繞道離開，不可好奇在現場停留觀看。	3	05	chinese	car	rules	choice
chinese-car-rules-choice-330	下列敍述何者正確：<br>(1) 駕駛人、前座及小型車後座乘客均應繫妥安全帶。<br>(2) 起駛後才應顯示方向燈。<br>(3) 兒童須乘坐於小客車之前座。	1	05	chinese	car	rules	choice
chinese-car-rules-choice-331	行車前應注意之事項，以下何者為非？<br>(1) 駕駛人、前座及小型車後座乘客均應繫妥安全帶。<br>(2) 兒童須乘坐於小客車之前座。<br>(3) 起駛前應顯示方向燈。	2	05	chinese	car	rules	choice
chinese-car-rules-choice-332	汽車轉彎或變換車道時，駕駛人要養成將頭左右擺動查看的習性，是因為要：<br>(1) 查看前方來車。 <br>(2) 注意照後鏡的視野死角。<br>(3) 避開擋風玻璃的反光 。	2	05	chinese	car	rules	choice
chinese-car-rules-choice-333	汽車駕駛人駕駛汽車，應：<br>(1) 每天開車前至少1次。<br>(2) 每週1次。<br>(3) 由於汽車都有定期進場實施保養，所以不需要。   檢查車輛各項裝置是否正常。	1	00	chinese	car	rules	choice
chinese-car-rules-choice-334	汽車應逐日實施安全檢查，並應：<br>(1) 定期保養。<br>(2) 不必保養。<br>(3) 以上皆非。	1	05	chinese	car	rules	choice
chinese-car-rules-choice-335	汽車行駛前應檢查項目不包括下列何者：<br>(1) 油量。<br>(2) 里程數。<br>(3) 胎壓。	2	05	chinese	car	rules	choice
chinese-car-rules-choice-336	引擎機油除定期檢查外：<br>(1) 應定期更換。<br>(2) 不必更換。<br>(3) 看機油廠牌而定。	1	05	chinese	car	rules	choice
chinese-car-rules-choice-337	檢查引擎機油時，汽車要：<br>(1) 停在平坦地面。<br>(2) 引擎熄火。<br>(3) 以上皆是。	3	05	chinese	car	rules	choice
chinese-car-rules-choice-338	添加機油時，應由何處加入：<br>(1) 機油尺孔。<br>(2) 引擎上機油蓋口。<br>(3) 水箱蓋口。	2	05	chinese	car	rules	choice
chinese-car-rules-choice-339	更換機油濾清器：<br>(1) 看機油廠牌而更換。<br>(2) 不必更換 。<br>(3) 按照汽車使用手冊規定更換。	3	05	chinese	car	rules	choice
chinese-car-rules-choice-340	補充煞車油：<br>(1) 必須是使用同一廠牌同一規格之煞車油。<br>(2) 不分廠牌不分規格之煞車油皆可補充。<br>(3) 臨時沒有煞車油時可用機油替代。	1	05	chinese	car	rules	choice
chinese-car-rules-choice-341	汽車使用中電瓶水不足時，應加入：<br>(1) 稀硫酸。<br>(2) 蒸餾水。<br>(3) 電水。	2	05	chinese	car	rules	choice
chinese-car-rules-choice-342	檢查電瓶液面高低，並進行補充時：<br>(1) 只要檢查一孔即可。<br>(2) 只要檢查二孔即可。<br>(3) 必須每一孔都檢查及補充。	3	05	chinese	car	rules	choice
chinese-car-rules-choice-343	夜間黑暗處，檢查電瓶液時，不可使用之照明工具：<br>(1) 手電筒。<br>(2) 打火機。<br>(3) 車上電源工作燈。	2	05	chinese	car	rules	choice
chinese-car-rules-choice-344	電瓶樁頭塗上何物，可以防止腐蝕，並使導電良好： <br>(1) 油漆。<br>(2) 黃油。<br>(3) 柏油。	2	05	chinese	car	rules	choice
chinese-car-rules-choice-345	故障車輛實施供電救援時，使用之跨接導線，應： <br>(1) 較細。<br>(2) 較粗。<br>(3) 一般銅線。    則通電良好。	2	05	chinese	car	rules	choice
chinese-car-rules-choice-346	起動馬達使用之電源係來自：<br>(1) 發電機供給。<br>(2) 電瓶供給。<br>(3) 發電機和電瓶供給。	2	05	chinese	car	rules	choice
chinese-car-rules-choice-347	車上安裝過多耗電電器裝置時：<br>(1) 增加馬力。<br>(2) 易發生火燒車。<br>(3) 對引擎無任何影響。	2	05	chinese	car	rules	choice
chinese-car-rules-choice-348	引擎冷卻水內之防銹劑：<br>(1) 須定期更換。<br>(2) 冷卻水有變混濁再更換。<br>(3) 永久不必更換。	1	05	chinese	car	rules	choice
chinese-car-rules-choice-349	冷卻水產生水垢，容易使引擎冷卻系統：<br>(1) 循環不良。<br>(2) 溫度下降。<br>(3) 防止漏水。	1	05	chinese	car	rules	choice
chinese-car-rules-choice-350	若冷卻水溫錶所顯示的溫度超出正常範圍，應：<br>(1) 保持車速繼續行駛。<br>(2) 儘快將車輛安全的靠邊停駛。<br>(3) 降低車速繼續行駛。	2	05	chinese	car	rules	choice
chinese-car-rules-choice-351	空氣濾清器太髒未更換，會造成：<br>(1) 耗油。<br>(2) 降低馬力。<br>(3) 以上皆是。	3	05	chinese	car	rules	choice
chinese-car-rules-choice-352	火星塞不良，容易造成：<br>(1) 加速無力、耗油。<br>(2) 發動困難 。<br>(3) 以上皆是。	3	05	chinese	car	rules	choice
chinese-car-rules-choice-353	引擎溫度錶指針偏向"H"處，表示溫度： <br>(1) 正常。<br>(2) 過高。<br>(3) 過低。	2	05	chinese	car	rules	choice
chinese-car-rules-choice-354	汽車方向盤間隙過大時，會產生：<br>(1) 轉向困難。<br>(2)  )轉向操作不穩。<br>(3) 不影響轉向。	2	05	chinese	car	rules	choice
chinese-car-rules-choice-355	動力轉向裝置的主要優點，為：<br>(1) 可改變減速比。<br>(2) 可增大轉向角度。<br>(3) 轉向時可減少駕駛人的操作力。	3	05	chinese	car	rules	choice
chinese-car-rules-choice-356	將點煙器完全推入，當加熱完成後會自動彈出，使用後將其歸回原位。行車中：<br>(1) 應全神貫注駕駛，不得使用點煙器。<br>(2) 自認安全，即可使用點煙器。<br>(3) 抽菸提神，當然必須使用點煙器。	1	05	chinese	car	rules	choice
chinese-car-rules-choice-357	開車調整座椅之時機為：<br>(1) 車輛行駛前。<br>(2) 車輛行駛中。<br>(3) 車輛行駛後。	1	05	chinese	car	rules	choice
chinese-car-rules-choice-358	駕駛座頭枕之高度，應如何調整才安全：<br>(1) 調整在駕駛人頭頂以上。<br>(2) 調整在駕駛人肩膀以下。<br>(3) 調整與駕駛人耳朶同高。	3	05	chinese	car	rules	choice
chinese-car-rules-choice-359	後車門之兒童安全鎖，其作用是避免兒童於後座不小心開啟車門，致使發生危險。當兒童安全鎖置於關閉位置時：<br>(1) 只能從車內開啟後車門。<br>(2) 只能從車外開啟後車門。<br>(3) 車內、車外都不能開啟後車門。	2	05	chinese	car	rules	choice
chinese-car-rules-choice-360	要開啟後行李箱，一般可使用車內行李箱蓋釋放按鈕來開啟，在何種時機下，開啟才安全：<br>(1) 車輛停好後。<br>(2) 車輛停好，排檔桿置於停車檔後。<br>(3) 車輛停好，排檔桿置於停車檔，並拉起手煞車後。	3	05	chinese	car	rules	choice
chinese-car-rules-choice-361	汽車裝置照後鏡及室內鏡，其功能為：<br>(1) 幫助駕駛人增大兩側視野及掌握車身後方的路況。<br>(2) 方便駕駛人化妝用。<br>(3) 裝飾品。	1	05	chinese	car	rules	choice
chinese-car-rules-choice-362	汽油引擎正常之排氣顏色為：<br>(1) 黑色。<br>(2) 藍白色。<br>(3) 無色。	3	05	chinese	car	rules	choice
chinese-car-rules-choice-363	汽油引擎排氣顏色為黑色，表示：<br>(1) 燃燒完全。<br>(2) 燃燒不完全。<br>(3) 燃燒引擎機油。	2	05	chinese	car	rules	choice
chinese-car-rules-choice-364	自排車要發動引擎時，應將排檔桿放在：<br>(1)  D。<br>(2) R。<br>(3) P。   之位置上。	3	05	chinese	car	rules	choice
chinese-car-rules-choice-365	自排車要將排檔桿從「P」檔排到「R」檔或「D」檔時，須先：<br>(1) 踩油門。<br>(2) 踩煞車。<br>(3) 直接排入。	2	05	chinese	car	rules	choice
chinese-car-rules-choice-366	自排車輛停車，駕駛人離開座位前，除應將手煞車拉緊外，排檔桿位置應置於：<br>(1) Ｄ檔。<br>(2) Ｒ檔。<br>(3) Ｐ檔。   以防止車輛滑動。	3	05	chinese	car	rules	choice
chinese-car-rules-choice-367	自排車多數為前輪驅動，拖吊時除先放手煞車外，然後用什麼方式拖吊，才不致造成變速機構損壞：<br>(1) 前輪吊起，後輪著地，由前拖吊的方式。<br>(2) 後輪吊起，前輪著地，由後拖吊的方式。<br>(3) 四輪著地，由後拖吊的方式。	1	05	chinese	car	rules	choice
chinese-car-rules-choice-368	駕車時由前進檔換入倒檔，或是由倒檔換入前進檔時：<br>(1) 不一定要車輛完全停止後再操作 。<br>(2) 一定要車輛完全停止後再操作。<br>(3) 停不停都不影響操作。	2	05	chinese	car	rules	choice
chinese-car-rules-choice-369	檢查輪胎氣壓必須在 ：<br>(1)  隨時均可。<br>(2)  開車後輪胎高於常溫時。<br>(3)  未開車前輪胎處於常溫時。	3	05	chinese	car	rules	choice
chinese-car-rules-choice-370	輪胎氣壓不足時，易造成：<br>(1) 輪胎兩側磨損。<br>(2) 輪胎中央磨損。<br>(3) 轉向變輕。	1	05	chinese	car	rules	choice
chinese-car-rules-choice-371	輪胎氣壓太低會造成：<br>(1) 省油。<br>(2) 方向盤較輕。<br>(3) 方向盤變重及耗油。	3	05	chinese	car	rules	choice
chinese-car-rules-choice-372	汽車各個輪胎胎壓不同時，易造成：<br>(1) 引擎爆震。<br>(2) 行駛偏向。<br>(3) 不影響。	2	05	chinese	car	rules	choice
chinese-car-rules-choice-373	輪胎構造中，那一部份強度最弱：<br>(1) 胎面。<br>(2) 胎邊（側面）。<br>(3) 胎唇。	2	05	chinese	car	rules	choice
chinese-car-rules-choice-374	輪胎胎面中央的花紋有較嚴重摩耗，其原因為：<br>(1) 輪胎氣壓過高。<br>(2) 輪胎氣壓過低。<br>(3) 負載過多。	1	05	chinese	car	rules	choice
chinese-car-rules-choice-375	車胎過度的磨損：<br>(1) 不會危險。<br>(2) 會影響車輛的轉向及煞車距離。<br>(3) 坐得舒適。	2	05	chinese	car	rules	choice
chinese-car-rules-choice-376	連續使用煞車導致煞車鼓溫度升高後，煞車效果將：<br>(1) 變大。<br>(2) 變小。<br>(3) 不變。	2	05	chinese	car	rules	choice
chinese-car-rules-choice-377	汽車連續下坡，長時間使用煞車時，煞車油油溫容易：<br>(1) 升高。<br>(2) 不變。<br>(3) 降低。    而影響行車安全。	1	05	chinese	car	rules	choice
chinese-car-rules-choice-378	下長陡坡聞到有燒焦臭味，其原因可能是：<br>(1) 排氣管過熱。<br>(2) 離合器打滑。<br>(3) 煞車使用過度。	3	05	chinese	car	rules	choice
chinese-car-rules-choice-379	使用煞車時，車頭向右偏或左偏，是因為：<br>(1) 煞車油太多。<br>(2) 兩前輪可能有一輪煞車失常。<br>(3) 煞車油管內有空氣。	2	05	chinese	car	rules	choice
chinese-car-rules-choice-380	煞車踏板踩下時，感到軟軟的，可能原因是因為：<br>(1) 油管阻塞。<br>(2) 煞車來令上有機油。<br>(3) 煞車油管內有空氣。	3	05	chinese	car	rules	choice
chinese-car-rules-choice-381	緊踩煞車踏板不放，再發動引擎，此時若發現煞車踏板有下降約一吋，即表示：<br>(1) 正常現象。<br>(2) 煞車漏油。<br>(3) 真空煞車輔助器故障。	1	05	chinese	car	rules	choice
chinese-car-rules-choice-382	領有學習駕駛證學習道路駕駛之行駛路線，須報請哪個機關核准：<br>(1) 公路監理機關。<br>(2)  公路或市區道路主管機關。<br>(3)  當地警察機關 	2	05	chinese	car	rules	choice
chinese-car-rules-choice-383	領有學習駕駛證學習道路駕駛時，應在哪些道路實施始為恰當：<br>(1)  公路或市區道路主管機關核定之道路。<br>(2) 一般平面道路。<br>(3) 快速公路或高速公路。 	1	02	chinese	car	rules	choice
chinese-car-rules-choice-384	領有學習駕駛證學習道路駕駛時，如未領有駕駛執照之人在旁監護指導者，屬違規行為，應處以：<br>(1) 罰鍰。<br>(2) 扣車。<br>(3) 吊銷牌照。	1	02	chinese	car	rules	choice
chinese-car-rules-choice-385	道路駕駛練習時除攜帶行車執照外，並應隨身攜帶什麼證件：<br>(1) 學生證。<br>(2) 學習駕駛證。<br>(3) 身分證。	2	02	chinese	car	rules	choice
chinese-car-rules-choice-386	雖帶有學習駕駛證，而在未經許可之道路或規定之時間，開車練習道路駕駛者：<br>(1) 屬於違規的行為應處以罰鍰。<br>(2) 有駕駛教練在旁指導即可。<br>(3) 並無特別規定。	1	02	chinese	car	rules	choice
chinese-car-rules-choice-387	禁止停車路段，其禁止時間為每日之：<br>(1) 上午7時至晚間8時。<br>(2) 下午7時至上午8時。<br>(3) 全天24小時。   如有延長或縮短之必要時，應以標誌及附牌標示之。	1	02	chinese	car	rules	choice
chinese-car-rules-choice-388	禁止臨時停車路段，其禁止時間為每日之：<br>(1) 上午7時至晚間8時。<br>(2) 下午7時至上午8時。<br>(3) 全天24小時。   如有縮短之必要時，應以標誌及附牌標示之。	3	02	chinese	car	rules	choice
chinese-car-rules-choice-389	禁止臨時停車路段：<br>(1) 禁止臨時停車，但可以停車。<br>(2) 禁止停車，但可以臨時停車。<br>(3) 不得臨時停車也不得停車。	3	02	chinese	car	rules	choice
chinese-car-rules-choice-390	禁止停車路段：<br>(1) 禁止臨時停車，但可以停車。<br>(2) 禁止停車，但可以臨時停車。<br>(3) 不得停車也不得臨時停車。	2	02	chinese	car	rules	choice
chinese-car-rules-choice-391	停車時應依車輛順行方向緊靠道路右側，但單行道應緊靠路邊停車；其右側前後輪胎外側距離緣石或路面邊緣，不得逾：<br>(1) 40公分。<br>(2) 50公分。<br>(3) 60公分。	1	02	chinese	car	rules	choice
chinese-car-rules-choice-392	小型汽車於路邊臨時停車時，應依車輛順行方向緊靠道路右側，其右側前後輪胎外側距離緣石或路面邊緣不得超過：<br>(1) 60公分。<br>(2) 70公分。<br>(3) 80公分。	1	02	chinese	car	rules	choice
chinese-car-rules-choice-393	汽車須臨時停車時，應在無禁止臨時停車路段：<br>(1) 依車輛順行方向緊靠道路右側停車。<br>(2) 可以任意停車。<br>(3) 顯示危險警告燈即可停車。	1	02	chinese	car	rules	choice
chinese-car-rules-choice-394	汽車在可停車路段若無停車位時：<br>(1) 可以併排停車。<br>(2) 可任意停放。<br>(3) 不得併排停車。	3	02	chinese	car	rules	choice
chinese-car-rules-choice-395	行駛於長度4公里以上或經管理機關公告之隧道時小型車應保持：<br>(1) 40公尺。<br>(2) 50公尺。<br>(3) 60公尺。  以上之行車安全距離。	2	02	chinese	car	rules	choice
chinese-car-rules-choice-396	汽車行駛於長度4公里以上或經管理機關公告之隧道內因隧道壅塞、事故導致車速低於每小時20公里或停止時，仍應保持：<br>(1) 20公尺。<br>(2) 30公尺。<br>(3) 50公尺。  以上之安全距離。	1	02	chinese	car	rules	choice
chinese-car-rules-choice-397	駕駛人開車時應攜帶之重要證件為：<br>(1) 行車執照、駕駛執照及強制責任保險卡。<br>(2) 故障標誌。<br>(3) 隨車工具。	1	02	chinese	car	rules	choice
chinese-car-rules-choice-398	汽車行駛至設有禁止迴車標誌、禁止左轉標誌，劃有分向限制線、禁止超車線或禁止變換車道線之路段：<br>(1) 不得迴車。<br>(2) 可以倒車。<br>(3) 無來車時可迴車。	1	02	chinese	car	rules	choice
chinese-car-rules-choice-399	汽車在設有彎道、陡坡、狹橋、隧道標誌之路段，或是鐵路平交道路段：<br>(1) 為行車方便可倒車。<br>(2) 可以超車。<br>(3) 不得超車。	3	02	chinese	car	rules	choice
chinese-car-rules-choice-400	年齡1～4歲且體重在10～18公斤之幼童乘坐小客車：<br>(1) 應坐於車輛後座之幼童專用座椅，予以束縛或定位。<br>(2) 由成人陪同，坐於前座並繫上安全帶。<br>(3) 以上皆可。	1	02	chinese	car	rules	choice
chinese-car-rules-choice-401	執行任務完畢的消防車、救護車、警備車、工程救險車及毒性化學物質災害事故應變車其行車速度應：<br>(1) 不受限制。<br>(2) 每小時50公里。<br>(3) 依道路規定行駛。 	3	02	chinese	car	rules	choice
chinese-car-rules-choice-402	行駛郊區道路，該路段如未設有速限標誌：<br>(1) 不必理會。<br>(2) 超速行駛。<br>(3) 時速不得超過50公里。	3	02	chinese	car	rules	choice
chinese-car-rules-choice-403	汽車裝載時應依規定，下列何者正確：<br>(1) 車廂以外得載人。<br>(2) 小型汽車附掛之拖車可裝載任何物品。<br>(3) 貨車駕駛室或小客車之前座乘人不得超過規定之人數。	3	02	chinese	car	rules	choice
chinese-car-rules-choice-404	領有牌照之自用小客車，其出廠年份超過10年以上者，每年至少定期檢驗：<br>(1) 2次。<br>(2) 3次。<br>(3) 4次。	1	02	chinese	car	rules	choice
chinese-car-rules-choice-405	小型車輛全高不得超過車輛全寬之1.5倍，其最高不得超過：<br>(1) 2.75公尺。<br>(2) 2.85公尺。<br>(3) 2.5公尺。	2	02	chinese	car	rules	choice
chinese-car-rules-choice-406	小型車行駛高速公路或快速公路，前後兩車間之行車安全距離為，在正常天候狀況下，依車輛速率之每小時公里數值：<br>(1) 除以二。<br>(2) 除以三。<br>(3) 除以四。    所得之數值，其單位為公尺。	1	04	chinese	car	rules	choice
chinese-car-rules-choice-407	高速公路違規行駛路肩，經取締處以：<br>(1) 罰鍰。<br>(2) 記點不罰鍰。<br>(3) 罰鍰並違規記點。	3	04	chinese	car	rules	choice
chinese-car-rules-choice-408	汽車行駛高速公路或快速公路，其輪胎胎面不得磨損至中華民國國家標準 CNS 1431 汽車用外胎（輪胎）標準或 CNS 4959 卡客車用翻修輪胎標準所訂之<br>(1) 任一胎面磨耗指示點。<br>(2)  任一點不足1.5公釐。<br>(3)  任一點不足1公釐。 	1	04	chinese	car	rules	choice
chinese-car-rules-choice-409	汽車駕駛人行駛高速公路，未保持安全距離因而肇事致人死亡者，處罰：<br>(1) 吊扣駕駛執照。<br>(2) 吊銷駕駛執照。<br>(3) 吊銷車輛牌照。	2	04	chinese	car	rules	choice
chinese-car-rules-choice-410	車禍中不醒人事的骨折傷患：<br>(1) 除非情況危急，否則不得任意移動。<br>(2) 搬動傷者前，應先處理呼吸困難、出血、骨折等情形。<br>(3) 以上皆是。	3	03	chinese	car	rules	choice
chinese-car-rules-choice-411	行駛中如發現道路上設有交通錐、拒馬、護欄等施工封閉設施或機具，但卻無施工人員時，表示：<br>(1)  尚未開始施工，可將封閉設施移開並小心通過。<br>(2) 施工完畢但尚未撤除施工設施或機具，可將封閉設施移開並小心通過。<br>(3) 不得擅自進入施工區域或碰撞施工設施。	3	05	chinese	car	rules	choice
chinese-car-rules-choice-412	行經施工區，車速應：<br>(1) 依平時行駛的速度行駛。<br>(2) 依原來道路的最高速限行駛。<br>(3) 依施工路段最高速限標誌指示，小心行駛。	3	05	chinese	car	rules	choice
chinese-car-rules-choice-413	遇有內側車道封閉施工時，可否使用外側路肩通行？<br>(1) 依「暫行路肩」標誌指示，使用路肩小心行車；並依「禁行路肩」標誌指示，停止使用路肩。<br>(2) 施工路段都可使用路肩行車。<br>(3) 沒看到警察就可以使用路肩。	1	05	chinese	car	rules	choice
chinese-car-rules-choice-414	計程車駕駛人對乘客繫安全帶之規定，已盡告知義務乘客仍不繫安全帶應處罰：<br>(1) 駕駛人。<br>(2) 乘客。<br>(3) 都不處罰。	2	02	chinese	car	rules	choice
chinese-car-rules-choice-415	汽缸總排氣量 550 立方公分以上大型重型機車，行駛高、快速公路，另依交通部公告規定之<br>(1) 路段 <br>(2) 時段 <br>(3) 以上皆是。	3	02	chinese	car	rules	choice
chinese-car-rules-choice-416	汽缸總排氣量 550 立方公分以上大型重型機車行駛高速公路，其駕駛人應有<br>(1) 汽缸總排氣量550立方公分以上大型重型機車駕駛執照1年以上 <br>(2) 小型車以上之駕駛執照<br>(3) 以上皆必備。	3	02	chinese	car	rules	choice
chinese-car-rules-choice-417	汽缸總排氣量 550 立方公分以上大型重型機車行駛高速公路，有同車道併駛、超車行為者處駕駛人新臺幣<br>(1) 3,000 元 <br>(2) 6,000 元<br>(3) 12,000 元罰鍰。	2	02	chinese	car	rules	choice
chinese-car-rules-choice-418	行駛於長度4公里以上或經管理機關公告之隧道時大型車應保持：<br>(1) 40公尺。<br>(2) 50公尺。<br>(3) 100公尺。  以上之行車安全距離。	3	02	chinese	car	rules	choice
chinese-car-rules-choice-419	下列哪些地方是高危險區，應避免停駐? <br>(1) 路面正落下小石塊。<br>(2) 有防落石柵處或路邊護欄受撞擊扭曲變形。<br>(3) 以上皆是。	3	02	chinese	car	rules	choice
chinese-car-rules-choice-420	下列何者氣象資訊與道路災害息息相關，應多加留意? <br>(1) 潮汐。<br>(2) 降雨。<br>(3) 氣溫。	2	02	chinese	car	rules	choice
chinese-car-rules-choice-421	下列哪種駕駛行為有誤? <br>(1) 隨時收聽警察廣播電台，掌握即時路況訊息。<br>(2) 如於道路上受困可利用路側之公路里程牌確認目前位置並求援。<br>(3) 遭遇落石阻道時，可隨意將車輛停放路邊，不用特別觀察附近是否安全。	3	02	chinese	car	rules	choice
chinese-car-rules-choice-422	假設不幸受困於山區道路應如何處置? <br>(1) 利用公路里程牌確認目前位置後向外聯繫呼救。<br>(2) 確認最近之安全停駐空間或緊急暫停空間，前往避險等待救援。<br>(3) 以上皆是。	3	02	chinese	car	rules	choice
chinese-car-rules-choice-423	下列何者「非」公路單位執行封橋封路等交通管制之目的? <br>(1) 道路橋樑致災風險提升，行駛該路段可能造成人車危害，故提前封閉道路避。免人車進入危險區域而造成生命財產損失。<br>(2) 因施工或已發生災害造成道路阻斷，為加速搶修及確保用路人安全。<br>(3) 封路封橋只是為了造成用路人不便，行程受阻。	3	02	chinese	car	rules	choice
chinese-car-rules-choice-424	汽車駕駛人，行經有燈光號誌管制之大眾捷運系統車輛共用通行交岔路口闖紅燈者：<br>(1)  罰鍰新臺幣1,800～5,400元並予違規記點。<br>(2)  吊扣駕照1個月。<br>(3)  罰鍰新臺幣3,600～10,800元並予違規記點。 	3	02	chinese	car	rules	choice
chinese-car-rules-choice-425	汽車行駛至有大眾捷運系統車輛共用通行，但聲光號誌故障而無交通指揮人員指揮之交岔路口時，駕駛人應<br>(1) 直接加速通過<br>(2) 暫停、看、聽兩方無大眾捷運系統車輛駛來，始得通過<br>(3)  按鳴喇叭通過。	2	02	chinese	car	rules	choice