chinese-moto-rules-choice-001	為了趕時間，<br/>(1) 可以超速行駛<br/>(2) 不必遵守交通規則<br/>(3) 仍要依規定駕駛。	3	11	chinese	moto	rules	choice	easy
chinese-moto-rules-choice-002	防衛駕駛就是<br/>(1) 能儘力採取合理謹慎行為加以防止車禍發生<br/>(2) 優良駕駛技術<br/>(3) 良好生活習慣。	1	11	chinese	moto	rules	choice	easy
chinese-moto-rules-choice-003	行車速度愈快，則煞車距離愈長，速度若增加1倍，煞車距離即會增為<br/>(1) 2倍<br/>(2) 4倍<br/>(3) 8倍。	2	11	chinese	moto	rules	choice	hard
chinese-moto-rules-choice-004	行車速度愈快，駕駛人的視野<br/>(1) 不變<br/>(2) 愈狹窄<br/>(3) 愈寬廣。	2	11	chinese	moto	rules	choice	
chinese-moto-rules-choice-005	夜間行駛，應使用燈光，如市區照明清楚時，<br/>(1) 戴有色眼鏡<br/>(2) 使用遠光燈<br/>(3) 使用近光燈	3	11	chinese	moto	rules	choice	
chinese-moto-rules-choice-006	行駛在積水路段，應<br/>(1) 低速行駛<br/>(2) 快速通過<br/>(3) 多使用煞車。	1	11	chinese	moto	rules	choice	
chinese-moto-rules-choice-007	肇事後，<br/>(1) 保持現場，報警處理<br/>(2) 與我無關趕快駛離<br/>(3) 據理力爭，以脫責任。	1	11	chinese	moto	rules	choice	easy
chinese-moto-rules-choice-008	對肇事責任鑑定有異議，<br/>(1) 絕對服從<br/>(2) 向覆議機關申請覆議<br/>(3) 向警察機關提出告訴。	2	11	chinese	moto	rules	choice	
chinese-moto-rules-choice-009	變換車道時，為預防因自己的駕駛死角而發生危險，應<br/>(1) 提前顯示方向燈，觀看照後鏡並擺頭查看<br/>(2) 緊盯前方注意路況<br/>(3) 與前方車輛保持安全距離。	1	11	chinese	moto	rules	choice	
chinese-moto-rules-choice-010	下列何者最接近防衛駕駛觀念?<br/>(1) 即使自己遵守交通規則，還是必須小心防範他人違規對自己造成傷害<br/>(2) 選購耐撞車種，並加強安全配備<br/>(3) 騎在路中間，大家都看得到。	1	11	chinese	moto	rules	choice	
chinese-moto-rules-choice-011	行車安全距離的描述，下列何者錯誤?<br/>(1) 因機車車身小，故行駛其後所保持的安全距離與同車速的汽車相比，可以再縮短一些<br/>(2) 即使停車時也該保持安全距離<br/>(3) 被超車後應該略為減速重新取得安全距離。	1	11	chinese	moto	rules	choice	
chinese-moto-rules-choice-012	關於「購買安全帽注意事項」，下列何者錯誤?<br/>(1) 必須貼有標準檢驗局之認證合格標籤<br/>(2) 安全帽受過強力撞擊後，若外觀沒有損壞則不必更換<br/>(3) 應選擇顏色鮮明或有反光材料之安全帽。	2	11	chinese	moto	rules	choice	
chinese-moto-rules-choice-013	請問應如何選購機車安全帽較為適當?<br/>(1) 用工程用安全帽，又輕又透風<br/>(2) 選擇貼有標準檢驗局之認證合格標籤，比較有保障<br/>(3) 選深色的，比較不容易髒。	2	11	chinese	moto	rules	choice	
chinese-moto-rules-choice-014	關於內輪差的敘述，何者錯誤?<br/>(1) 車輛在轉彎時，後輪向內偏移<br/>(2) 軸距越長的車輛內輪差越大<br/>(3) 小客車沒有內輪差。	3	11	chinese	moto	rules	choice	hard
chinese-moto-rules-choice-015	機車駕駛人行經路面積水路段時應如何操作較恰當?<br/>(1) 低速行駛<br/>(2) 多使用煞車<br/>(3) 快速通過。	1	11	chinese	moto	rules	choice	easy
chinese-moto-rules-choice-016	下列何者不是機車駕駛人在交岔路口轉彎前必要做的動作?<br/>(1) 減速、禮讓<br/>(2) 開亮頭燈<br/>(3) 顯示方向燈。	2	11	chinese	moto	rules	choice	
chinese-moto-rules-choice-017	騎機車時若發現煞車系統失靈，第一時間應如何作較為適當?<br/>(1) 開亮頭燈<br/>(2) 放鬆油門 <br/>(3) 鳴按喇叭。	2	11	chinese	moto	rules	choice	
chinese-moto-rules-choice-018	騎乘機車時，看見前方路邊有球滾動出來，應<br/>(1) 減速慢行，握穩把手<br/>(2) 臨時閃避，快速通過<br/>(3) 鳴按喇叭，騎至對向車道。	1	11	chinese	moto	rules	choice	
chinese-moto-rules-choice-019	騎乘機車經過煙塵路段時，應該如何駕駛?<br/>(1) 行駛於大型車旁有助看清路況<br/>(2) 減速慢行<br/>(3) 快速通過。	2	11	chinese	moto	rules	choice	
chinese-moto-rules-choice-020	夜間騎車，駕駛人不易發現的目標是<br/>(1) 移動中的行人<br/>(2) 站立的人物<br/>(3) 移動中的車輛。	2	11	chinese	moto	rules	choice	hard
chinese-moto-rules-choice-021	駕駛人的守法是為了<br/>(1) 害怕取締處罰而守法<br/>(2) 責任、榮譽及他人和自己的安全而守法<br/>(3) 有人監督而守法。	2	11	chinese	moto	rules	choice	
chinese-moto-rules-choice-022	駕駛人應<br/>(1) 注意騎乘機車技術<br/>(2) 保持安全第一<br/>(3) 為達目地一路往前。	2	11	chinese	moto	rules	choice	
chinese-moto-rules-choice-023	以下何者「不是」騎乘機車時的危險行為?<br/>(1) 騎車後座載人 <br/>(2) 參加車隊夜間狂飆<br/>(3) 聚餐酒後夜遊。	1	11	chinese	moto	rules	choice	
chinese-moto-rules-choice-024	良好的騎乘姿勢，上半身的狀態應<br/>(1) 向前傾斜<br/>(2) 向後傾斜<br/>(3)  保持輕鬆。	3	11	chinese	moto	rules	choice	
chinese-moto-rules-choice-025	車輛行駛彎道時速度愈高，所產生的離心力<br/>(1) 愈大<br/>(2) 愈小<br/>(3) 不變。	1	11	chinese	moto	rules	choice	
chinese-moto-rules-choice-026	機車緊急煞車時切記不可以用力過猛而鎖死輪胎，並採取<br/>(1) 放開油門後控制後輪煞車<br/>(2) 放開油門後使用前後輪煞車<br/>(3) 放開油門後控制前輪煞車。	2	11	chinese	moto	rules	choice	
chinese-moto-rules-choice-027	騎乘機車時良好的手肘姿勢為何？<br/>(1) 向前伸直<br/>(2) 向身體靠攏<br/>(3)  向外張開。	2	11	chinese	moto	rules	choice	
chinese-moto-rules-choice-028	車禍中不醒人事的骨折傷患，<br/>(1) 除非情況緊急，否則不得任意移動<br/>(2) 搬動傷患前，應先處理呼吸困難、出血、骨折等情形<br/>(3) 以上皆是。	3	11	chinese	moto	rules	choice	medium
chinese-moto-rules-choice-029	車禍肇事時，傷者有休克現象時臉色呈<br/>(1) 蒼白<br/>(2) 鉛灰色<br/>(3) 潮紅症狀。	1	11	chinese	moto	rules	choice	
chinese-moto-rules-choice-030	前方路上發生事故，警察已到現場處理，應如何做比較好？<br/>(1) 停在路旁觀看<br/>(2) 繞道離開，不可好奇在現場停留觀看<br/>(3) 留下幫忙順便打卡。	2	11	chinese	moto	rules	choice	
chinese-moto-rules-choice-031	飲酒後可以騎車嗎?<br/>(1) 可以<br/>(2) 不可以<br/>(3) 慢慢騎。	2	11	chinese	moto	rules	choice	
chinese-moto-rules-choice-032	機車騎士見到其他車輛或行人不良的表現，就會逞強好勝，意氣用事，容易衝動，要如何去克制自己？<br/>(1) 忍耐與禮讓<br/>(2) 據理力爭<br/>(3) 以牙還牙。	1	11	chinese	moto	rules	choice	
chinese-moto-rules-choice-033	騎車時應注意<br/>(1) 路旁的商家<br/>(2) 前方的號誌、標誌指示及前車的行車動向<br/>(3) 以上皆是。	2	11	chinese	moto	rules	choice	
chinese-moto-rules-choice-034	騎車時應<br/>(1) 正視前方並注意左右來車<br/>(2) 左顧右盼且可以吃喝食物<br/>(3) 與後座乘客嬉鬧。	1	11	chinese	moto	rules	choice	
chinese-moto-rules-choice-035	大型車輛通過時猶如唧筒吸走空氣，隨後會產生強力之吸力，故與大型車輛併行或會車時應<br/>(1) 握穩把手<br/>(2) 身體放鬆<br/>(3) 無所謂。	1	11	chinese	moto	rules	choice	
chinese-moto-rules-choice-036	汽車轉彎時，軸距愈長則內外輪差也愈大，也就是所需路面的寬度也<br/>(1) 愈小<br/>(2) 愈大<br/>(3) 不變。	2	11	chinese	moto	rules	choice	hard
chinese-moto-rules-choice-037	騎車穿越積水路段後，應特別注意<br/>(1) 試開燈光<br/>(2) 試拉煞車<br/>(3) 試轉動油門加油。	2	11	chinese	moto	rules	choice	hard
chinese-moto-rules-choice-038	在轉彎時發生車禍的原因為機車駕駛人<br/>(1) 僅疏忽視野死角<br/>(2) 僅疏忽內輪差<br/>(3) 以上皆是。	3	11	chinese	moto	rules	choice	
chinese-moto-rules-choice-039	檢查機車的煞車時，輕抓煞車拉桿，應有保留多少間隙？<br/>(1) 不應有間隙<br/>(2) 應要有1至2公分間隙<br/>(3) 應要有3至4公分以上間隙。	2	11	chinese	moto	rules	choice	hard
chinese-moto-rules-choice-040	人的身體哪個部位一經撞擊，所產生死亡和後遺症是最高的?<br/>(1) 四肢<br/>(2) 頭部<br/>(3) 背部。	2	11	chinese	moto	rules	choice	
chinese-moto-rules-choice-041	遇到警備車隊時：<br/>(1) 可插入隊中行駛 <br/>(2) 加速行駛 <br/>(3) 不可加入車隊行駛。	3	11	chinese	moto	rules	choice	
chinese-moto-rules-choice-042	機車駕駛人最重要的是：<br/>(1) 要有重視公共交通安全的道德觀念 <br/>(2) 為趕時間可開快車 <br/>(3) 注意沿路風景。	1	11	chinese	moto	rules	choice	
chinese-moto-rules-choice-043	路面上積有油污，你騎車因而滑倒，你應該<br/>(1) 自認倒霉駛離 <br/>(2) 不必向最近警察派出所報案 <br/>(3) 用樹枝或其他標識放置兩端， 提醒來往車輛注意。	3	11	chinese	moto	rules	choice	
chinese-moto-rules-choice-044	在郊外駕車如發現鵝群橫越道路時應 <br/>(1) 大鳴喇叭促其趕快通過 <br/>(2) 加速通過鵝群 <br/>(3) 減速慢行待其通過後再行前進	3	11	chinese	moto	rules	choice	
chinese-moto-rules-choice-045	行車管制號誌顯示紅燈時：<br/>(1) 禁止通行 <br/>(2) 右轉車可以繼續通行 <br/>(3) 交通狀況許可時，可以左轉彎。	1	11	chinese	moto	rules	choice	
chinese-moto-rules-choice-046	機車駕駛人若想維持良好秩序，促進社會安全與家庭幸福應具有：<br/>(1) 駕駛道德與守法精神 <br/>(2) 僅重視駕駛技術 <br/>(3) 不吸煙不飲酒。	1	11	chinese	moto	rules	choice	
chinese-moto-rules-choice-047	駕車不慎，撞傷行人應：<br/>(1) 具有強烈的責任感竭力救護 <br/>(2) 加速逃走 <br/>(3) 對傷者安慰了事。	1	11	chinese	moto	rules	choice	
chinese-moto-rules-choice-048	機車駕駛人駕車行駛道路時，道路及交通狀況時有發生變化，駕駛人對這種事態應採取：<br/>(1) 冷靜與沉著減速慢行 <br/>(2) 加速通過 <br/>(3) 儘量避免行駛這些道路。	1	11	chinese	moto	rules	choice	
chinese-moto-rules-choice-049	維護交通秩序，確保行車安全，首先要從：<br/>(1) 交通主管機關做起 <br/>(2) 駕駛人做起 <br/>(3) 行人做起。	2	11	chinese	moto	rules	choice	
chinese-moto-rules-choice-050	機車駕駛人每遇有不如意事情，常見最大的缺點是：<br/>(1) 無人情味 <br/>(2) 無同情心 <br/>(3) 脾氣暴躁。	3	11	chinese	moto	rules	choice	
chinese-moto-rules-choice-051	機車駕駛人於處理繁雜與艱危事件之要訣是：<br/>(1) 鎮靜與安全 <br/>(2) 冒險進取 <br/>(3) 樂觀而順其自然。	1	11	chinese	moto	rules	choice	
chinese-moto-rules-choice-052	機車駕駛人最大的敵人是：<br/>(1) 疏忽 <br/>(2) 道路障礙 <br/>(3) 道路上的牲畜。	1	11	chinese	moto	rules	choice	
chinese-moto-rules-choice-053	機車駕駛人對於服裝儀容：<br/>(1) 不受拘束。<br/>(2) 可穿拖鞋。<br/>(3) 應整潔。	3	11	chinese	moto	rules	choice	
chinese-moto-rules-choice-054	騎乘機車至商店購物時應：<br/>(1) 先將機車在指定停放位置停妥後再進入店中購物 <br/>(2) 停在路邊大聲呼叫店員將物品送來 <br/>(3) 任意停在商店門口櫃檯前或行人道中。	1	11	chinese	moto	rules	choice	
chinese-moto-rules-choice-055	在狹路與他車交會時應：<br/>(1) 搶先前進使對方讓路 <br/>(2) 預先估計有足夠位置，儘量靠邊停讓他車先行 <br/>(3) 大鳴喇叭，警告對方避讓。	2	11	chinese	moto	rules	choice	
chinese-moto-rules-choice-056	因所駕駛之機車車速較慢，聞後方按喇叭請求讓路時應：<br/>(1) 立即停車，讓其超越<br/>(2) 仍依原行駛路線行車，不予理會<br/>(3) 略靠右側行車，並亮方向燈號或手勢表示允讓。	3	11	chinese	moto	rules	choice	
chinese-moto-rules-choice-057	夜間行車遙見對方請求讓路有來車時應：<br/>(1) 使用遠光燈及大鳴喇叭警告來車，並加速前進<br/>(2) 立即就地停車，並熄滅全部燈光，以待來車通過<br/>(3) 使用近光燈，並減速交會。	3	11	chinese	moto	rules	choice	
chinese-moto-rules-choice-058	在工業社會裏時間就是金錢，作一個機車駕駛人應重視：<br/>(1) 安全重於時間觀念 <br/>(2) 交通設施 <br/>(3) 機車儀容。	1	11	chinese	moto	rules	choice	
chinese-moto-rules-choice-059	在行車中途，精神疲勞，稍有睡意，你應該怎麼辦：<br/>(1) 繼續開車<br/>(2) 擦抹萬金油及藥物，助長精神照常行駛<br/>(3) 在最近適當路邊停車，下車稍作休息，消除疲勞再開車。	3	11	chinese	moto	rules	choice	
chinese-moto-rules-choice-060	雨天用緊急煞車容易：<br/>(1) 滑倒<br/>(2) 停車平穩<br/>(3) 與平常一樣。	1	11	chinese	moto	rules	choice	
chinese-moto-rules-choice-061	在深夜郊外道路上，空曠無車無人的情況下：<br/>(1) 可以用高速練習開快車<br/>(2) 仍應按限制速度行駛<br/>(3) 可以隨便開車	2	11	chinese	moto	rules	choice	
chinese-moto-rules-choice-062	公路(交通)警察巡邏時，對違反交通之稽查取締工作： <br/>(1) 對駕駛人有害 <br/>(2) 對駕駛人有益 <br/>(3) 對駕駛人無關。	2	11	chinese	moto	rules	choice	
chinese-moto-rules-choice-063	行駛前發現煞車失靈，駕駛人應：<br/>(1) 照常開車 <br/>(2) 慢行即可 <br/>(3) 停止行駛。	3	11	chinese	moto	rules	choice	
chinese-moto-rules-choice-064	車輛跟蹤在消防車後急駛是：<br/>(1) 可以 <br/>(2) 不可以 <br/>(3) 沒有規定。	2	11	chinese	moto	rules	choice	
chinese-moto-rules-choice-065	速度愈高停車距離：<br/>(1) 不變 <br/>(2) 愈小 <br/>(3) 愈長。	3	11	chinese	moto	rules	choice	
chinese-moto-rules-choice-066	車輛行駛速度愈高，所產生的衝擊力：<br/>(1) 愈小 <br/>(2) 愈大 <br/>(3) 不變。	2	11	chinese	moto	rules	choice	
chinese-moto-rules-choice-067	夜間跟隨他車行駛之車輛：<br/>(1) 用近光燈 <br/>(2) 用遠光燈 <br/>(3) 不必開燈。	1	11	chinese	moto	rules	choice	
chinese-moto-rules-choice-068	機車在隧道內行駛時：<br/>(1) 不得開燈 <br/>(2) 應開燈快行 <br/>(3) 應開燈慢行。	3	11	chinese	moto	rules	choice	
chinese-moto-rules-choice-069	在紅燈亮時，行人穿越道上無人穿越，及開放道上車輛不擁擠時：<br/>(1) 可以向前行駛 <br/>(2) 可以右轉行駛 <br/>(3) 禁止行駛.	3	11	chinese	moto	rules	choice	
chinese-moto-rules-choice-070	我是優良駕駛員，隨時隨地優良駕駛員，希望公路（交通）警察，為了交通安全：<br/>(1) 加強稽查從嚴取締 <br/>(2) 不要稽查與取締 <br/>(3) 只要稽查，不必取締。	1	11	chinese	moto	rules	choice	
chinese-moto-rules-choice-071	交通安全人人有責，除了我們應遵守交通規則外，如發現違規人車及交通事故時應：<br/>(1) 隨時隨地向警察機關報告檢舉並協助處理事故 <br/>(2) 少管閒事 <br/>(3) 不要報告。	1	11	chinese	moto	rules	choice	
chinese-moto-rules-choice-072	優良駕駛人駕駛車輛，應該：<br/>(1) 快 <br/>(2) 慢 <br/>(3) 快慢適度。	3	11	chinese	moto	rules	choice	
chinese-moto-rules-choice-073	如遇油料著火，應即：<br/>(1) 用水撲滅 <br/>(2) 用滅火器及泥沙或用水浸濕棉被衣服覆蓋撲滅 <br/>(3) 就近取樹枝撲滅。	2	11	chinese	moto	rules	choice	
chinese-moto-rules-choice-074	機車：<br/>(1) 可以加掛邊車 <br/>(2) 不得加掛邊車 <br/>(3) 無規定。	2	11	chinese	moto	rules	choice	
chinese-moto-rules-choice-075	騎機車駛近鐵路平交道，正好遮斷柵欄慢慢放下，前行很多機車，都加速搶先穿越，你應該怎麼辦：<br/>(1) 馬上跟著前車搶先通過 <br/>(2) 停車看一邊確認沒有危險，再從柵欄下穿過去 <br/>(3) 停下來等火車通過了柵欄拉起後再通過。	3	11	chinese	moto	rules	choice	
chinese-moto-rules-choice-076	車禍之發生大都是人為因素、不遵守交通規則疏忽造成，因此應加強何者為先：<br/>(1) 交通規則教育訓練，培養駕駛道德<br/>(2) 提高駕駛技術<br/>(3) 灌輸車輛保養方法。	1	11	chinese	moto	rules	choice	
chinese-moto-rules-choice-077	酒後駕車，對駕駛人會產生「視覺之隧道效應」，駕駛者猶如在隧道中行車，前有亮光但四周漆黑，故酒後駕車：<br/>(1) 視野不變<br/>(2) 視野變廣<br/>(3) 視野變窄。	3	11	chinese	moto	rules	choice	
chinese-moto-rules-choice-078	行駛於公路時，亂拋擲物品、煙蒂或火種：<br/>(1) 是極不道德的危險行為<br/>(2) 只要我高興有什麼不可以<br/>(3) 避免車子髒亂，應該丟棄。	1	11	chinese	moto	rules	choice	
chinese-moto-rules-choice-079	發生交通事故時，當事人應儘量在現場尋找：<br/>(1) 親朋好友<br/>(2) 目擊證人<br/>(3) 法律人士  以利協助案情釐清。	2	11	chinese	moto	rules	choice	
chinese-moto-rules-choice-080	汽機車強制保險針對車禍當事人死亡或全殘最高給付新臺幣 <br/>(1) 10萬元 <br/>(2) 20萬元 <br/>(3) 200萬元。	3	12	chinese	moto	rules	choice	medium
chinese-moto-rules-choice-081	駕駛人行車速度，超過規定之最高時速者應處<br/>(1) 罰鍰並記違規點數<br/>(2) 吊扣行車執照<br/>(3) 吊扣駕駛執照。	1	12	chinese	moto	rules	choice	
chinese-moto-rules-choice-082	機車駕駛人以後輪著地、蛇行或拆除消音器駕駛因而肇事者，應<br/>(1) 僅勸導之<br/>(2) 罰鍰並沒入車輛<br/>(3) 罰鍰並吊銷其駕駛執照。	3	12	chinese	moto	rules	choice	hard
chinese-moto-rules-choice-083	駕駛人因違規而被處罰鍰並記點，以後應<br/>(1) 不予理會<br/>(2) 小心駕駛勿再違規<br/>(3) 從此不再開車。	2	12	chinese	moto	rules	choice	
chinese-moto-rules-choice-084	不服從執行交通勤務之警察或依法令執行交通稽查任務人員之指揮或稽查者，應處<br/>(1) 吊扣駕照1個月<br/>(2) 吊扣駕照2個月<br/>(3) 罰鍰並予記點。	3	12	chinese	moto	rules	choice	medium
chinese-moto-rules-choice-085	領用牌照不需使用時， <br/>(1) 可以借供他車使用<br/>(2) 得向當地公路監理機關申請繳銷<br/>(3) 自行保存。	2	12	chinese	moto	rules	choice	
chinese-moto-rules-choice-086	領有重型機車駕駛執照者，可駕駛<br/>(1) 輕型機車<br/>(2) 小型貨車<br/>(3) 小客車。	1	12	chinese	moto	rules	choice	
chinese-moto-rules-choice-087	駕駛人允許無駕駛執照之人駕駛其車輛者， 應吊扣駕駛執照<br/>(1) 2個月<br/>(2) 3個月<br/>(3) 4個月。	2	12	chinese	moto	rules	choice	
chinese-moto-rules-choice-088	駕駛人謊報駕照遺失，復向公路監理單位補照並使用者，應處<br/>(1) 罰鍰 <br/>(2) 吊銷駕照<br/>(3) 罰鍰並扣繳矇領之駕照。	3	12	chinese	moto	rules	choice	
chinese-moto-rules-choice-089	機車<br/>(1) 可以借用他車牌照行駛<br/>(2) 不可以借用他車牌照行駛<br/>(3) 可以自製牌照行駛。	2	12	chinese	moto	rules	choice	
chinese-moto-rules-choice-090	駕駛人駕車行駛人行道，或經行人穿越道不依規定讓行人優先通行，因而致人受傷或死亡，依法應負刑事責任者加重其刑至<br/>(1) 1倍<br/>(2) 2倍 <br/>(3) 2分之1。	3	12	chinese	moto	rules	choice	hard
chinese-moto-rules-choice-091	聞消防車、救護車、警備車、工程救險車、毒性化學物質災害事故應變車之警號，不立即避讓者，應處<br/>(1)  罰鍰並吊扣駕駛執照3個月<br/>(2) 罰鍰並吊銷駕駛執照 <br/>(3) 罰鍰。 	2	12	chinese	moto	rules	choice	
chinese-moto-rules-choice-092	機車駕駛人行經有燈光號誌管制之交岔路口闖紅燈者，除罰鍰外，並予記違規點數<br/>(1) 1點<br/>(2) 2點<br/>(3) 3點。	3	12	chinese	moto	rules	choice	medium
chinese-moto-rules-choice-093	違反道路交通管理事件行為人，接獲違反道路交通管理事件通知單後，應於幾天內得不經裁決，逕依第92條第3項之罰鍰基準規定，向指定之處所繳納結案？<br/>(1) 10天內<br/>(2) 20天內<br/>(3) 30天內。	3	12	chinese	moto	rules	choice	medium
chinese-moto-rules-choice-094	駕駛人駕車撞傷正執行交通勤務中之警察時，<br/>(1) 吊銷駕照並處罰鍰<br/>(2) 吊扣駕照並處罰鍰 <br/>(3) 處最高罰鍰。	1	12	chinese	moto	rules	choice	hard
chinese-moto-rules-choice-095	駕駛執照破損不易辨明時，要<br/>(1) 申請換發<br/>(2) 重行考領<br/>(3) 仍可持以行駛。	1	12	chinese	moto	rules	choice	
chinese-moto-rules-choice-096	駕駛人超速駕車者，應處以<br/>(1) 罰鍰<br/>(2) 罰鍰並吊扣駕照1個月<br/>(3) 罰鍰並記違規點數1點。	3	12	chinese	moto	rules	choice	
chinese-moto-rules-choice-097	行人穿越道， 有行人通過時，應該<br/>(1) 暫停讓行人優先通過<br/>(2) 按鳴喇叭， 請行人避讓<br/>(3) 加速行駛。	1	12	chinese	moto	rules	choice	
chinese-moto-rules-choice-098	駕駛人酒精濃度超過規定標準，駕車肇事致人重傷或死亡者，依照道路交通管理處罰條例應處<br/>(1) 吊扣駕駛執照<br/>(2) 罰鍰、吊銷駕駛執照並終身不得再考領（但符合特定條件，且所受吊銷駕駛執照處分，執行已逾相關規定期間者，不在此限）<br/>(3) 罰鍰。	2	12	chinese	moto	rules	choice	
chinese-moto-rules-choice-099	機車消音器損壞後， 不加修復仍然行駛者， 依道路交通管理處罰條例應處<br/>(1) 罰鍰並責令改正<br/>(2) 交通警察告誡<br/>(3) 吊扣牌照。	1	12	chinese	moto	rules	choice	
chinese-moto-rules-choice-100	機車超速行車，依道路交通管理處罰條例應處<br/>(1) 罰鍰並記點<br/>(2) 吊扣牌照<br/>(3) 吊扣駕駛執照。	1	12	chinese	moto	rules	choice	hard
chinese-moto-rules-choice-101	將駕照借供他人駕車， 處罰吊扣駕照<br/>(1) 1個月 <br/>(2) 2個月<br/>(3) 3個月。	3	12	chinese	moto	rules	choice	medium
chinese-moto-rules-choice-102	駕駛人在道路上以蛇行或僅以後輪著地等危險方式駕車因而肇事者，應處<br/>(1) 罰鍰並吊銷駕照<br/>(2) 吊扣駕照<br/>(3) 罰鍰。	1	12	chinese	moto	rules	choice	hard
chinese-moto-rules-choice-103	利用機車犯罪，經判決有期徒刑以上之刑確定者，除吊銷駕駛執照外<br/>(1) 1年內不得考領<br/>(2) 3年內不得考領<br/>(3) 終身不得考領（但符合特定條件，且所受吊銷駕駛執照處分，執行已逾相關規定時間者，不在此限）。	3	12	chinese	moto	rules	choice	
chinese-moto-rules-choice-104	違反道路交通安全規則，因而肇事致人重傷者，吊扣其駕照<br/>(1) 3個月至6個月<br/>(2) 1個月至2個月<br/>(3) 2個月至4個月。	1	12	chinese	moto	rules	choice	hard
chinese-moto-rules-choice-105	駕駛人如肇事致人重傷或死亡，應即時處理，並向警察機關報告，不得逃逸，違者應處罰 <br/>(1) 吊銷駕駛執照，並終身不得再考領（但符合特定條件，且所受吊銷駕駛執照處分，執行已逾相關規定時間者，不在此限）<br/>(2) 應予罰鍰<br/>(3) 吊扣駕駛執照1年。	1	12	chinese	moto	rules	choice	
chinese-moto-rules-choice-106	機車駕駛人行駛於道路時，以手持方式使用行動電話、電腦或其他相類功能裝置進行撥接、通話、數據通訊或其他有礙駕駛安全之行為者，處新臺幣<br/>(1)  1，000元<br/>(2)  1，500元<br/>(3) 2，000元 罰鍰。	1	12	chinese	moto	rules	choice	hard
chinese-moto-rules-choice-107	在平交道上超車、迴車、倒車或停車，除罰鍰外並記違規點數<br/>(1) 1點<br/>(2) 3點<br/>(3) 5點。	2	12	chinese	moto	rules	choice	hard
chinese-moto-rules-choice-108	駕駛人在6個月內，違規記點共達6點以上者，吊扣駕駛執照<br/>(1) 6個月<br/>(2) 1個月<br/>(3) 1年。	2	12	chinese	moto	rules	choice	hard
chinese-moto-rules-choice-109	駕駛人因違規記點，1年內經吊扣駕駛執照2次，再違反記點規定者，處以<br/>(1) 罰鍰<br/>(2) 吊扣駕照1個月<br/>(3) 吊銷駕照。	3	12	chinese	moto	rules	choice	
chinese-moto-rules-choice-110	臨時停車規定時間<br/>(1) 不得超過3分鐘，並保持立即行駛之狀態<br/>(2) 不得超過10分鐘，駕駛人亦可離開座位<br/>(3) 只要不超過5分鐘即可。	1	12	chinese	moto	rules	choice	hard
chinese-moto-rules-choice-111	駕駛機車有闖紅燈行為之處罰是<br/>(1) 罰鍰新臺幣1，200元至3，600元<br/>(2) 吊扣駕駛執照1個月<br/>(3) 罰鍰新臺幣1，800元至5，400元並記違規點數3點。	3	12	chinese	moto	rules	choice	medium
chinese-moto-rules-choice-112	機車附載坐人<br/>(1) 可以側坐<br/>(2) 為求安全不得側坐<br/>(3) 無規定。	2	12	chinese	moto	rules	choice	
chinese-moto-rules-choice-113	後車超越前車時，應該<br/>(1) 由前車右側超車<br/>(2) 由前車左側超越<br/>(3) 任意超越。	2	12	chinese	moto	rules	choice	
chinese-moto-rules-choice-114	註銷之駕照，應<br/>(1) 自行保留<br/>(2) 繳回公路監理機關<br/>(3) 繼續使用。	2	12	chinese	moto	rules	choice	
chinese-moto-rules-choice-115	行近行人穿越道時，<br/>(1) 應減速慢行，遇有行人穿越，應暫停讓行人先行<br/>(2) 鳴喇叭穿越通過<br/>(3) 應加速通過。	1	12	chinese	moto	rules	choice	
chinese-moto-rules-choice-116	在公共場所出入口前及車站<br/>(1) 可以停車<br/>(2) 不得停車<br/>(3) 無規定。	2	12	chinese	moto	rules	choice	
chinese-moto-rules-choice-117	重型機車在駕駛人後設有固定座位者，可附載<br/>(1) 1人<br/>(2) 2人<br/>(3) 3人。	1	12	chinese	moto	rules	choice	
chinese-moto-rules-choice-118	機車在已劃分快慢車道之雙向道路行駛，而無標誌、標線規定者，應於<br/>(1) 最內側車道行駛<br/>(2) 在最外側快車道及慢車道行駛<br/>(3) 無規定。	2	12	chinese	moto	rules	choice	hard
chinese-moto-rules-choice-119	夜間會車時應<br/>(1) 使用近光燈<br/>(2) 使用遠光燈<br/>(3) 無規定。	1	12	chinese	moto	rules	choice	
chinese-moto-rules-choice-120	機車附載物品，高度不可超過駕駛人<br/>(1) 頭部<br/>(2) 肩部<br/>(3) 腰部。	2	12	chinese	moto	rules	choice	
chinese-moto-rules-choice-121	機車附載物品，寬度不可超過車輛把手外緣<br/>(1) 10公分<br/>(2) 2公尺<br/>(3) 1公尺半。	1	12	chinese	moto	rules	choice	
chinese-moto-rules-choice-122	機車駕駛人，在行車前<br/>(1) 須檢查車輛各部機件<br/>(2) 車輛性能良好，不必檢查 <br/>(3) 無規定。	1	12	chinese	moto	rules	choice	
chinese-moto-rules-choice-123	重型機車，附載物品重量，不得超過<br/>(1) 50公斤<br/>(2) 80公斤<br/>(3) 90公斤。	2	12	chinese	moto	rules	choice	
chinese-moto-rules-choice-124	機車行車速度，依速限標誌或標線之規定，無速限標誌或標線者，在未劃設車道線或行車分向線之道路，行車速度每小時<br/>(1) 不得超過20公里<br/>(2) 不得超過30公里<br/>(3) 不得超過40公里。	3	12	chinese	moto	rules	choice	hard
chinese-moto-rules-choice-125	騎乘機車<br/>(1) 不必戴用安全帽<br/>(2) 為求安全應戴安全帽<br/>(3) 法令規定不必戴安全帽。	2	12	chinese	moto	rules	choice	
chinese-moto-rules-choice-126	機車行車速度，依速限標誌或標線之規定，無速限標誌或標線者，行車時速不得超過<br/>(1) 50公里<br/>(2) 40公里<br/>(3) 30公里。	1	12	chinese	moto	rules	choice	
chinese-moto-rules-choice-127	機車夜間在照明清楚之市區行駛<br/>(1) 使用近光燈<br/>(2) 可用遠光燈<br/>(3) 可以關燈。	1	12	chinese	moto	rules	choice	
chinese-moto-rules-choice-128	機車行車前<br/>(1) 隨車工具需準備齊全<br/>(2) 機車輕便不需攜帶<br/>(3) 並無規定。	1	12	chinese	moto	rules	choice	medium
chinese-moto-rules-choice-129	機車同一方向行駛時，後車與前車<br/>(1) 應保持隨時可以煞停之距離<br/>(2) 不需保持距離<br/>(3) 應平行前進。	1	12	chinese	moto	rules	choice	
chinese-moto-rules-choice-130	下坡行駛時<br/>(1) 可以關閉電門，空檔滑行<br/>(2) 不得將引擎熄火空檔滑行<br/>(3) 無規定。	2	12	chinese	moto	rules	choice	
chinese-moto-rules-choice-131	各種燈光損壞或不全，<br/>(1) 不影響行車安全 <br/>(2) 影響行車安全甚大 <br/>(3) 照常行駛。	2	12	chinese	moto	rules	choice	
chinese-moto-rules-choice-132	在鐵路平交道、交岔路口、快車道、行人穿越道<br/>(1) 可以停車<br/>(2) 可以臨時停車<br/>(3) 不得臨時停車。	3	12	chinese	moto	rules	choice	
chinese-moto-rules-choice-133	機車在未劃分快慢車道之單行道行駛，應在<br/>(1) 最左、右車道行駛<br/>(2) 只能在最右車道行駛<br/>(3) 任何車道均可行駛。	1	12	chinese	moto	rules	choice	hard
chinese-moto-rules-choice-134	機車在道路行駛<br/>(1) 不受交通標誌之限制<br/>(2) 應遵守道路交通標誌、標線、號誌之指示<br/>(3) 標誌等與機車無關，不必理會。	2	12	chinese	moto	rules	choice	
chinese-moto-rules-choice-135	行人穿越道上<br/>(1) 可以停車<br/>(2) 不得臨時停車 <br/>(3) 無規定。	2	12	chinese	moto	rules	choice	
chinese-moto-rules-choice-136	機車行車速度，依標誌之規定行駛，無速限標誌或標線者，在設有快慢車道分隔線之慢車道上行駛，時速不得超過<br/>(1) 40公里<br/>(2) 50公里<br/>(3) 60公里。	1	12	chinese	moto	rules	choice	hard
chinese-moto-rules-choice-137	按鳴喇叭的時間，每次<br/>(1) 不得超過二秒鐘<br/>(2) 不得超過一秒鐘<br/>(3) 不得超過半秒鐘。	3	12	chinese	moto	rules	choice	medium
chinese-moto-rules-choice-138	機車駕駛人患病影響安全駕駛、或飲用酒類後其吐氣所含酒精濃度達每公升0.15毫克者，<br/>(1) 不得開車<br/>(2) 照常可以駕駛<br/>(3) 開車時不可太快。	1	12	chinese	moto	rules	choice	
chinese-moto-rules-choice-139	聞有消防車、警備車、救護車、工程救險車、毒性化學物質災害事故應變車之警號時，不論來自何方，應該<br/>(1) 不須避讓<br/>(2) 只要不跨線行駛，就不必避讓<br/>(3) 均應立即避讓，並不得在後跟隨急駛。 	3	12	chinese	moto	rules	choice	
chinese-moto-rules-choice-140	騎乘機車，防護身體最重要的裝備是<br/>(1) 寬皮帶<br/>(2) 安全帽<br/>(3) 防風眼鏡。	2	12	chinese	moto	rules	choice	
chinese-moto-rules-choice-141	駕駛機車起駛前<br/>(1) 應顯示方向燈， 注意前後左右有無障礙或車輛行人<br/>(2) 看側方有無車輛通過<br/>(3) 看清前方路面。	1	12	chinese	moto	rules	choice	
chinese-moto-rules-choice-142	機車附載物品，長度規定伸出車尾部分，自後輪軸起，不得超過<br/>(1) 半公尺<br/>(2) 1公尺<br/>(3) 3公尺。	1	12	chinese	moto	rules	choice	
chinese-moto-rules-choice-143	無標誌或標線指示，機車在未劃分快慢車道之道路，應行駛<br/>(1) 內側車道<br/>(2) 最外側2車道<br/>(3) 內側車道中央。	2	12	chinese	moto	rules	choice	
chinese-moto-rules-choice-144	普通輕型機車附載物件，重量規定<br/>(1) 以40公斤為限<br/>(2) 以50公斤為限<br/>(3) 以20公斤為限。	2	12	chinese	moto	rules	choice	
chinese-moto-rules-choice-145	機車路考不合格，申請再考驗者，距上次考驗時間，不得少於<br/>(1) 7天<br/>(2) 15天<br/>(3) 30天。	1	12	chinese	moto	rules	choice	
chinese-moto-rules-choice-146	行車時兩車交會，其相互間隔不得少於<br/>(1) 半公尺<br/>(2) 1公尺<br/>(3) 2公尺。	1	12	chinese	moto	rules	choice	
chinese-moto-rules-choice-147	駕車行經彎道、陡坡、狹橋、隧道、交岔路口標誌之路段或鐵路平交道、道路施工地段時，<br/>(1) 不得超車<br/>(2) 可以超車<br/>(3) 無規定。	1	12	chinese	moto	rules	choice	
chinese-moto-rules-choice-148	機車車主及駕駛人有住址變更<br/>(1) 應持有關證件向公路監理機關辦理變更登記<br/>(2) 不必辦理變更登記<br/>(3) 向附近警察派出所辦理登記。	1	12	chinese	moto	rules	choice	
chinese-moto-rules-choice-149	機車報廢，應填具異動登記書，向公路監理機關辦理報廢登記，並同時繳還<br/>(1) 駕駛執照<br/>(2) 號牌及行車執照<br/>(3) 行車執照。	2	12	chinese	moto	rules	choice	
chinese-moto-rules-choice-150	機車未經登記檢驗又未領用牌照<br/>(1) 不准行駛<br/>(2) 可以行駛<br/>(3) 可在郊外行駛。	1	12	chinese	moto	rules	choice	
chinese-moto-rules-choice-151	懸掛號牌<br/>(1) 應依規定位置懸掛<br/>(2) 隨便懸掛固定明顯位置就可以<br/>(3) 無規定。	1	12	chinese	moto	rules	choice	
chinese-moto-rules-choice-152	機車所有人，明知駕駛人有酒後駕車之情形而不予禁止，除處以罰鍰外，並應吊扣其機車牌照<br/>(1) 1個月<br/>(2) 2個月<br/>(3) 3個月。	3	12	chinese	moto	rules	choice	medium
chinese-moto-rules-choice-153	依現行規定，持普通重型機車駕駛執照，不得駕駛汽缸排氣量<br/>(1) 50立方公分以上250立方公分以下<br/>(2) 50立方公分以下<br/>(3) 逾250立方公分以上 之二輪機車。	3	12	chinese	moto	rules	choice	
chinese-moto-rules-choice-154	駕駛人駕駛汽車經測試檢定，其吐氣所含酒精濃度不得達每公升<br/>(1) 0.15毫克<br/>(2) 0.25毫克<br/>(3) 0.55毫克。	1	12	chinese	moto	rules	choice	
chinese-moto-rules-choice-155	下列哪些地方是高危險區，應避免停駐？<br/>(1) 路面正落下小石塊<br/>(2) 有防落石柵處或路邊護欄受撞擊扭曲變形<br/>(3) 以上皆是。	3	12	chinese	moto	rules	choice	
chinese-moto-rules-choice-156	下列何者氣象資訊與道路災害息息相關，應多加留意？<br/>(1) 潮汐<br/>(2) 降雨 <br/>(3) 氣溫。	2	12	chinese	moto	rules	choice	
chinese-moto-rules-choice-157	下列哪種駕駛行為有誤？<br/>(1) 隨時收聽警察廣播電台，掌握即時路況訊息<br/>(2) 如於道路上受困可利用路側之公路里程牌確認目前位置並求援<br/>(3) 遭遇落石阻道時，可隨意將車輛停放路邊，不用特別觀察附近是否安全。	3	12	chinese	moto	rules	choice	
chinese-moto-rules-choice-158	假設不幸受困於山區道路應如何處置？<br/>(1) 利用公路里程牌確認目前位置後向外聯繫呼救<br/>(2) 確認最近之安全停駐空間或緊急暫停空間，前往避險等待救援<br/>(3) 以上皆是。	3	12	chinese	moto	rules	choice	
chinese-moto-rules-choice-159	下列何者「非」公路單位執行封橋封路等交通管制之目的？<br/>(1) 道路橋樑致災風險提升，行駛該路段可能造成人車危害，故提前封閉道路避免人車進入危險區域而造成生命財產損失<br/>(2) 因施工或已發生災害造成道路阻斷，為加速搶修及確保用路人安全<br/>(3) 封路封橋只是為了造成用路人不便，行程受阻。	3	12	chinese	moto	rules	choice	
chinese-moto-rules-choice-160	關於行車間距的控制，下列何者不正確？<br/>(1) 行車時兩車交會，其左右相互間隔不得少於半公尺<br/>(2) 經過路邊臨停的車輛，應保持1公尺(約1個車門)以上安全間隔<br/>(3) 以能通過為原則，不必考慮行車間隔。	3	12	chinese	moto	rules	choice	
chinese-moto-rules-choice-161	機車在同一車道行駛時，與前車之間應保持<br/>(1) 隨時可以煞停之距離<br/>(2) 5公尺距離<br/>(3) 10公尺距離。	1	12	chinese	moto	rules	choice	
chinese-moto-rules-choice-162	關於騎乘機車上路時必帶的證件，下者何者不正確？<br/>(1) 機車駕駛執照<br/>(2) 機車行車執照<br/>(3) 集點卡。	3	12	chinese	moto	rules	choice	
chinese-moto-rules-choice-163	普通重型機車附載物件之重量規定<br/>(1) 以80公斤為限<br/>(2) 以40公斤為限<br/>(3) 以30公斤為限。	1	12	chinese	moto	rules	choice	
chinese-moto-rules-choice-164	關於機車載物的規定，下列何者不正確？<br/>(1) 得載運高於騎士肩膀以上之 貨物<br/>(2) 寬度不得超過把手外緣10公分<br/>(3) 伸出車尾部分，自後輪軸起不得超過50公分。	1	12	chinese	moto	rules	choice	
chinese-moto-rules-choice-165	駕駛機車應隨車攜帶<br/>(1) 駕駛執照、行車執照、強制險保險證<br/>(2) 國民身分證<br/>(3) 健保卡。	1	12	chinese	moto	rules	choice	
chinese-moto-rules-choice-166	自中華民國95年6月15日起，機車出廠五年以上辦理轉讓過戶者，應申請實施<br/>(1) 臨時檢驗<br/>(2) 定期檢驗<br/>(3) 變更檢驗。	1	12	chinese	moto	rules	choice	
chinese-moto-rules-choice-167	考領輕型機車或普通重型機車駕駛執照須年滿<br/>(1) 16歲<br/>(2) 18歲<br/>(3) 20歲。  	2	12	chinese	moto	rules	choice	
chinese-moto-rules-choice-168	酒精、麻醉劑及興奮劑中毒者，可否參加駕駛執照考驗？<br/>(1) 可以  <br/>(2) 不可以<br/>(3) 須先通過直線平衡測試才可以。	2	12	chinese	moto	rules	choice	
chinese-moto-rules-choice-169	在同向二車道行車時，如遇汽車或機車行駛於與你同一車道的前方，你應<br/>(1) 鳴按喇叭促其駛至慢車道<br/>(2) 直接併行超越之<br/>(3) 跟隨其後不得隨意超車。	3	12	chinese	moto	rules	choice	
chinese-moto-rules-choice-170	由同向二車道進入一車道，應讓直行車道之車輛先行，無直行車道者，<br/>(1) 內車道之車輛先行<br/>(2) 外車道之車輛先行<br/>(3) 搶快者先行。	1	12	chinese	moto	rules	choice	
chinese-moto-rules-choice-171	機車與汽車或其他機車會車時，相互之間隔，不得少於<br/>(1) 2公尺<br/>(2) 1公尺<br/>(3) 半公尺。	3	12	chinese	moto	rules	choice	
chinese-moto-rules-choice-172	行駛至交岔路口，如未設標誌、標線或號誌劃分幹、支線道者，<br/>(1) 多線道車應暫停讓少線道先行<br/>(2) 少線道車應暫停讓多線道先行<br/>(3) 以上皆可。	2	12	chinese	moto	rules	choice	
chinese-moto-rules-choice-173	設有劃分島劃分快慢車道之道路，在慢車道上行駛之車輛不得<br/>(1) 左轉<br/>(2) 右轉<br/>(3) 左右轉。	1	12	chinese	moto	rules	choice	
chinese-moto-rules-choice-174	設有劃分島劃分快慢車道之道路，在快車道行駛之車輛不得<br/>(1) 左轉<br/>(2) 右轉<br/>(3) 左右轉。	2	12	chinese	moto	rules	choice	
chinese-moto-rules-choice-175	駕駛執照業經吊銷、註銷仍駕駛機車者，除處罰鍰、當場禁止其駕駛外，該駕照並應<br/>(1) 自行銷毀<br/>(2) 扣繳<br/>(3) 無另外規定。	2	12	chinese	moto	rules	choice	
chinese-moto-rules-choice-176	駕駛執照吊扣期間仍駕駛機車者，除處罰鍰、當場禁止其駕駛外，並應<br/>(1) 處違規記點 <br/>(2) 處違規紀錄<br/>(3) 吊銷駕駛執照。	3	12	chinese	moto	rules	choice	
chinese-moto-rules-choice-177	領有聯結車、大客車、大貨車或小型車駕駛執照，駕駛重型機車者，應處<br/>(1) 罰鍰<br/>(2) 當場禁止其駕駛<br/>(3) 以上皆是。	3	12	chinese	moto	rules	choice	
chinese-moto-rules-choice-178	任意以迫近、驟然變換車道或其他不當方式，迫使他車讓道等危險方式駕車因而肇事者，應處<br/>(1) 罰鍰<br/>(2) 吊扣駕照<br/>(3) 罰鍰並吊銷駕照。	3	12	chinese	moto	rules	choice	
chinese-moto-rules-choice-179	非遇突發狀況，在行駛途中任意驟然減速、煞車或於車道中暫停等危險方式駕車因而肇事者，應處<br/>(1) 罰鍰<br/>(2) 吊扣駕照<br/>(3) 罰鍰並吊銷駕照。	3	12	chinese	moto	rules	choice	
chinese-moto-rules-choice-180	駕駛人佔用自行車專用道，應處<br/>(1) 加以勸導<br/>(2) 罰鍰並記違規點數1點<br/>(3) 無規定。	2	12	chinese	moto	rules	choice	
chinese-moto-rules-choice-181	下列何者不得參加駕駛執照考驗<br/>(1) 患有精神耗弱者<br/>(2) 患有癲癇疾病者<br/>(3) 以上皆是。	3	12	chinese	moto	rules	choice	
chinese-moto-rules-choice-182	駕駛人在起駛前應<br/>(1) 鳴按喇叭<br/>(2) 顯示方向燈，儘快駛入車道<br/>(3) 顯示方向燈，注意前後左右有無障礙或車輛行人。	3	12	chinese	moto	rules	choice	
chinese-moto-rules-choice-183	遇有緊急或危險情況按鳴喇叭時，應以單響為原則，並<br/>(1) 不得連續按鳴3次<br/>(2) 每次時間不得超過半秒鐘<br/>(3) 以上皆是。	3	12	chinese	moto	rules	choice	
chinese-moto-rules-choice-184	機車行駛之車道，應依標誌或標線之規定行駛；無標誌或標線者，<br/>(1) 得在人行道行駛<br/>(2) 不得在人行道行駛<br/>(3) 無規定。	2	12	chinese	moto	rules	choice	
chinese-moto-rules-choice-185	行駛至交岔路口，其左(右)轉彎時應距交岔路口多少公尺前顯示方向燈或手勢？ <br/>(1) 10公尺<br/>(2) 20公尺<br/>(3) 30公尺。	3	12	chinese	moto	rules	choice	
chinese-moto-rules-choice-186	行近未設行車管制號誌之行人穿越道前，應<br/>(1) 加速通行<br/>(2) 減速慢行<br/>(3) 無規定。	2	12	chinese	moto	rules	choice	
chinese-moto-rules-choice-187	於下列何種情形行駛時應開亮頭燈？<br/>(1) 遇濃霧或雨時<br/>(2) 天色昏暗或視線不清時<br/>(3) 以上皆是。	3	12	chinese	moto	rules	choice	
chinese-moto-rules-choice-188	牌照遺失或破損，不報請公路主管機關補發、換發或重新申請者 應處以<br/>(1) 罰鍰及責令補換牌照<br/>(2) 禁止其駕駛<br/>(3) 以上皆是。	3	12	chinese	moto	rules	choice	
chinese-moto-rules-choice-189	號牌污穢，不洗刷清楚或為他物遮蔽，非行車途中因遇雨、雪道路泥濘所致者<br/>(1) 罰鍰及責令改正<br/>(2) 禁止其駕駛<br/>(3) 以上皆是。	3	12	chinese	moto	rules	choice	
chinese-moto-rules-choice-190	使用偽造、變造或矇領之駕駛執照駕駛小型車或機車者 <br/>(1) 罰鍰並當場禁止其駕駛<br/>(2) 未滿18歲之駕駛人及其法定代理人或監護人應同時施以道路交通安全講習<br/>(3) 以上皆是。	3	12	chinese	moto	rules	choice	
chinese-moto-rules-choice-191	駕駛人駕駛汽車行經警察機關設有告示執行酒測或毒品檢定之處所，不依指示停車接受稽查，或拒絕接受該項測試之檢定者<br/>(1) 處罰鍰，並當場移置保管該汽車<br/>(2) 吊銷該駕駛執照及施以道路交通安全講習<br/>(3) 以上皆是。	3	12	chinese	moto	rules	choice	
chinese-moto-rules-choice-192	駕駛人行車速度，低於規定之最低時速者<br/>(1) 罰鍰並記違規點數1點<br/>(2) 吊扣駕照1個月<br/>(3) 無規定。	1	12	chinese	moto	rules	choice	
chinese-moto-rules-choice-193	駕駛人行經設有彎道、坡路、狹路、狹橋或隧道標誌之路段或道路施工路段，不減速慢行者<br/>(1) 罰鍰<br/>(2) 記違規點數1點<br/>(3)  吊扣駕照1個月。	1	12	chinese	moto	rules	choice	
chinese-moto-rules-choice-194	駕駛人行經設有學校、醫院標誌之路段，不減速慢行者<br/>(1) 罰鍰<br/>(2) 記違規點數1點<br/>(3)  吊扣駕照1個月。	1	12	chinese	moto	rules	choice	
chinese-moto-rules-choice-195	駕駛人行經泥濘或積水道路，不減速慢行，致污濕他人身體、衣物者 <br/>(1) 罰鍰<br/>(2) 記違規點數1點<br/>(3)  吊扣駕照1個月。	1	12	chinese	moto	rules	choice	hard
chinese-moto-rules-choice-196	駕駛人因雨、霧視線不清或道路上臨時發生障礙，不減速慢行者 <br/>(1) 罰鍰<br/>(2) 記違規點數1點<br/>(3)  吊扣駕照1個月。	1	12	chinese	moto	rules	choice	
chinese-moto-rules-choice-197	駕駛人在起駛前，不讓行進中之車輛、行人優先通行者<br/>(1) 吊扣駕照1個月<br/>(2) 施以道路交通安全講習<br/>(3) 罰鍰並記違規點數1點。	3	12	chinese	moto	rules	choice	hard
chinese-moto-rules-choice-198	機車不在規定車道行駛者<br/>(1) 吊扣駕照1個月<br/>(2) 罰鍰並記違規點數1點<br/>(3) 施以道路交通安全講習。	2	12	chinese	moto	rules	choice	
chinese-moto-rules-choice-199	不服從交通勤務警察或依法令執行交通指揮、稽查任務人員之指揮或稽查者 <br/>(1) 吊扣駕照1個月<br/>(2) 罰鍰並記違規點數1點<br/>(3) 施以道路交通安全講習。	2	12	chinese	moto	rules	choice	
chinese-moto-rules-choice-200	未投保強制汽車責任保險而肇事者<br/>(1) 應處以罰鍰<br/>(2) 扣留車輛牌照至其依規定投保後發還<br/>(3) 以上皆是。	3	12	chinese	moto	rules	choice	
chinese-moto-rules-choice-201	依強制汽車責任保險法所處之罰鍰經限期繳納，屆期未繳納者<br/>(1) 吊扣駕照1個月<br/>(2) 依法移送強制執行<br/>(3) 以上皆是。	2	12	chinese	moto	rules	choice	
chinese-moto-rules-choice-202	報廢之汽車仍行駛者<br/>(1) 應處以罰鍰<br/>(2) 禁止其行駛，車輛並沒入之<br/>(3) 以上皆是。	3	12	chinese	moto	rules	choice	
chinese-moto-rules-choice-203	號牌遺失不報請公路主管機關補發，經舉發後仍不辦理而行駛者，處以<br/>(1) 罰鍰<br/>(2) 禁止其行駛<br/>(3) 以上皆是。	3	12	chinese	moto	rules	choice	
chinese-moto-rules-choice-204	駕駛人駕駛汽車肇事致人受傷或死亡者，應即採取救護措施及依規定處置，並通知警察機關處理，不得任意移動肇事汽車及現場痕跡證據，違反者<br/>(1) 應處以罰鍰<br/>(2) 車輛沒入<br/>(3) 記違規紀錄1次。	1	12	chinese	moto	rules	choice	medium
chinese-moto-rules-choice-205	下列何項設施設置之目的在於提供車輛駕駛人及行人有關道路路況之警告、禁制、指示等資訊，以便利行旅及促進交通安全？<br/>(1) 標誌、標線<br/>(2) 號誌<br/>(3) 以上皆是。	3	12	chinese	moto	rules	choice	
chinese-moto-rules-choice-206	道路交通事故係指以下何者在道路上行駛，致有人受傷或死亡？<br/>(1) 車輛<br/>(2) 動力機械<br/>(3) 以上皆是。	3	12	chinese	moto	rules	choice	
chinese-moto-rules-choice-207	下列何者非屬重大道路交通事故？<br/>(1) 死亡人數在3人以上<br/>(2) 死亡及受傷人數在10人以上<br/>(3) 受傷人數在14人以下。	3	12	chinese	moto	rules	choice	
chinese-moto-rules-choice-208	事故車輛機件及車上痕跡證據尚須檢驗、鑑定或查證者，警察機關<br/>(1) 不可扣留處理<br/>(2) 扣留期間不得超過1個月<br/>(3) 扣留期間不得超過3個月。	3	12	chinese	moto	rules	choice	
chinese-moto-rules-choice-209	以下何者「非」道路交通事故案件之可向警察機關申請閱覽或提供相關資料之人？<br/>(1) 當事人<br/>(2) 目擊證人<br/>(3) 利害關係人。	2	12	chinese	moto	rules	choice	
chinese-moto-rules-choice-210	事故車輛機件損壞，其行駛安全堪虞者應<br/>(1) 禁止其行駛<br/>(2) 強制沒入<br/>(3) 緩慢駛離。	1	12	chinese	moto	rules	choice	
chinese-moto-rules-choice-211	處理違反道路交通管理事件，有關文書送達之程序，依下列何者之規定？<br/>(1) 民法<br/>(2) 刑法<br/>(3) 行政程序法。	3	12	chinese	moto	rules	choice	
chinese-moto-rules-choice-212	道路交通管理之稽查，違規紀錄，非由下列何者執行之？<br/>(1) 交通勤務警察<br/>(2) 依法令執行交通稽查任務人員<br/>(3) 地方法院法官。	3	12	chinese	moto	rules	choice	
chinese-moto-rules-choice-213	交通勤務警察或依法令執行交通稽查任務人員，對不服稽查而逃逸之人、車<br/>(1) 為免發生危險，不得追蹤稽查<br/>(2) 得追蹤稽查<br/>(3) 須鳴槍示警。	2	12	chinese	moto	rules	choice	
chinese-moto-rules-choice-214	違反道路交通管理事件受處罰人，無法1次完納罰鍰者<br/>(1) 吊扣駕照1至3個月<br/>(2) 可拿物品抵押<br/>(3) 得申請分期繳納罰鍰。	3	12	chinese	moto	rules	choice	
chinese-moto-rules-choice-215	下列何者係屬重大交通事故？<br/>(1) 死亡人數在3人以上或死亡及受傷人數在10人以上或受傷人數在15人以上<br/>(2) 運送之危險物品發生爆炸燃燒或有毒液氣體放射性物質洩漏等事故<br/>(3) 以上皆是。	3	12	chinese	moto	rules	choice	
chinese-moto-rules-choice-216	道路交通事故案件當事人或利害關係人得於幾日內向警察機關申請閱覽或提供相關資料？<br/>(1) 於事故現場提出申請該事故當事人登記聯單<br/>(2) 於事故7日後得申請閱覽或提供現場圖現場照片<br/>(3) 以上皆是。  	3	12	chinese	moto	rules	choice	
chinese-moto-rules-choice-217	下列何者為道路交通安全規則所稱「慢車」？<br/>(1) 腳踏自行車<br/>(2) 電動自行車<br/>(3) 以上皆是。	3	12	chinese	moto	rules	choice	
chinese-moto-rules-choice-218	有關機車煞車燈燈色，下列何者正確？<br/>(1) 紅色<br/>(2) 橙色<br/>(3) 黃色。	1	12	chinese	moto	rules	choice	
chinese-moto-rules-choice-219	機車裝設霧燈之規定，以下何者正確？<br/>(1) 前後霧燈應為1盞或2盞<br/>(2) 前霧燈限用黃色或淡黃色或白色，後霧燈限用紅色<br/>(3) 以上皆是。	3	12	chinese	moto	rules	choice	
chinese-moto-rules-choice-220	機車頭燈之燈色應為<br/>(1) 白色或淡黃色<br/>(2) 藍色<br/>(3) 沒有規定。	1	12	chinese	moto	rules	choice	
chinese-moto-rules-choice-221	煞車燈之規定，何者不正確？<br/>(1) 燈色應為淡黃色<br/>(2) 煞車作用時，應為續亮，不得閃爍<br/>(3) 應為紅色。	1	12	chinese	moto	rules	choice	
chinese-moto-rules-choice-222	方向燈燈色應為<br/>(1) 紅色<br/>(2) 黃色<br/>(3) 橙色。	3	12	chinese	moto	rules	choice	
chinese-moto-rules-choice-223	報考機車駕照，體格檢查視力之標準為何？ <br/>(1) 單眼裸視視力各達0.5，雙眼裸視視力應達0.6<br/>(2) 單眼矯正視力各達0.6，雙眼矯正視力應達0.8<br/>(3) 以上皆是。	3	12	chinese	moto	rules	choice	hard
chinese-moto-rules-choice-224	小型輕型機車之輪胎直徑之規定為何？應在<br/>(1) 300公釐以上，420公釐以下<br/>(2) 200公釐以上，400公釐以下<br/>(3) 250公釐以上，350公釐以下。	1	12	chinese	moto	rules	choice	
chinese-moto-rules-choice-225	小型輕型機車車輛空重（含電池)應在 <br/>(1)  75公斤以下<br/>(2) 70公斤以下<br/>(3)  65公斤以下。	2	12	chinese	moto	rules	choice	
chinese-moto-rules-choice-226	機車各種燈光<br/>(1) 可任意改變顏色<br/>(2) 不可任意改變原廠顏色<br/>(3) 可有2種顏色交替使用。	2	12	chinese	moto	rules	choice	
chinese-moto-rules-choice-227	機車排氣管隔熱防護裝置<br/>(1) 不影響騎車操作所以可不裝<br/>(2) 隨興可裝可不裝<br/>(3) 為避免燙傷他人，規定均需安裝。	3	12	chinese	moto	rules	choice	
chinese-moto-rules-choice-228	機車輪胎檢查<br/>(1) 騎乘時無異狀則不須理會<br/>(2) 於行車前應檢查胎紋、胎壓及有無變形<br/>(3) 沒有規定。	2	12	chinese	moto	rules	choice	
chinese-moto-rules-choice-229	騎乘機車遭舉發違規酒駕，於何種違規樣態將處駕駛人新臺幣9萬元罰鍰、吊銷駕照3年及施以道路交通安全講習<br/>(1) 於5年內再次遭舉發違規酒駕<br/>(2) 不依指示停車接受酒測稽查或拒絕酒測<br/>(3) 以上皆是。	3	12	chinese	moto	rules	choice	
chinese-moto-rules-choice-230	騎乘機車遭舉發違規酒駕，於幾年內再次遭舉發違規酒駕，將處罰鍰9萬元、吊銷駕照3年、4小時道安講習之處分？<br/>(1) 5年<br/>(2) 10年<br/>(3) 12年。	1	12	chinese	moto	rules	choice	hard
chinese-moto-rules-choice-231	關於機車騎士的穿著，下列何者不正確？ <br/>(1) 上半身應穿著鮮明的顏色 <br/>(2) 在手把上加裝固定式防風套<br/>(3)  穿著防滑及包覆整個腳部的鞋子。	2	12	chinese	moto	rules	choice	
chinese-moto-rules-choice-232	騎乘機車時，下列何種行為屬違規行為？<br/>(1) 快接近交岔路口停止線前燈光號誌已轉為紅燈，趕緊加速通過<br/>(2) 紅燈右轉<br/>(3) 以上皆是。	3	12	chinese	moto	rules	choice	
chinese-moto-rules-choice-233	機車駕駛人於下列何種情況下，可以使用行動電話、電腦或其他相類功能裝置進行撥接、通話、數據通訊？<br/>(1) 行進中<br/>(2) 等待紅燈的時候<br/>(3) 將機車停靠於路邊。	3	12	chinese	moto	rules	choice	
chinese-moto-rules-choice-234	機車車身式樣、車身、頭燈等設備或使用性質、顏色等如要變更，均應向公路監理機關辦理登記；違反者以下列何者為處分對象？<br/>(1) 車主<br/>(2) 駕駛人<br/>(3) 變更設備的機車車行。	1	12	chinese	moto	rules	choice	
chinese-moto-rules-choice-235	下列何種情況禁止駕駛機車？<br/>(1) 機車駕照吊扣期間<br/>(2) 初領駕照考生已通過筆試及路考，尚未接受領照前講習課程<br/>(3) 以上皆是。	3	12	chinese	moto	rules	choice	
chinese-moto-rules-choice-236	下列何者並非機車行駛時應開亮頭燈之情形？<br/>(1) 夜間或行經隧道<br/>(2) 遇濃霧、雨、雪、天色昏暗或視線不清時<br/>(3) 行經市區道路。	3	12	chinese	moto	rules	choice	
chinese-moto-rules-choice-237	機車行車速度，超過規定最高時速幾公里以上即可能遭處罰處新臺幣6000元以上24000元以下罰鍰、吊扣牌照3個月，及接受道安講習？<br/>(1) 40公里<br/>(2) 50公里<br/>(3) 60公里。	3	12	chinese	moto	rules	choice	
chinese-moto-rules-choice-238	使用中之機車皆須投保強制汽車責任保險，且申請換發牌照、異動登記或過戶時，保險證有效期間至少應滿 <br/>(1) 20日<br/>(2) 30日<br/>(3)  35日以上。	2	12	chinese	moto	rules	choice	hard
chinese-moto-rules-choice-239	初領駕照考生應接受講習時間為<br/>(1) 30分鐘  <br/>(2) 90分鐘<br/>(3) 3小時。	2	12	chinese	moto	rules	choice	
chinese-moto-rules-choice-240	車牌裝置於旋轉架上以規避違規超速照相取締之罰則，下列何者不正確？<br/>(1) 以車主為處分對象<br/>(2) 吊扣牌照   <br/>(3) 處以罰鍰。	2	12	chinese	moto	rules	choice	
chinese-moto-rules-choice-241	未滿18歲違反無照騎車之處分，下列何者須施以道路交通安全講習？<br/>(1) 僅駕駛人<br/>(2) 駕駛人之父母或監護人<br/>(3) 駕駛人及其父母或監護人。	3	12	chinese	moto	rules	choice	
chinese-moto-rules-choice-242	機車的照後鏡是<br/>(1) 裝飾用<br/>(2) 化妝用<br/>(3) 行車安全用。	3	12	chinese	moto	rules	choice	
chinese-moto-rules-choice-243	怕用路人聽不到機車喇叭音量<br/>(1) 越大聲越好<br/>(2) 裝不同聲音氣動喇叭<br/>(3) 符合原廠規定。	3	12	chinese	moto	rules	choice	
chinese-moto-rules-choice-244	為了想要煞車更靈敏，機車煞車系統<br/>(1) 可改裝最先進的煞車系統<br/>(2) 不可任意改裝<br/>(3) 可加大煞車系統設備。	2	12	chinese	moto	rules	choice	
chinese-moto-rules-choice-245	機車失竊，其汽車燃料使用費徵至<br/>(1) 失竊前1天<br/>(2) 至監理單位辦理失竊登記日<br/>(3) 報案日。	1	12	chinese	moto	rules	choice	
chinese-moto-rules-choice-246	路口轉彎時顯示方向燈應在幾公尺前提醒其他用路人？<br/>(1) 100公尺<br/>(2) 30公尺<br/>(3) 10公尺。	2	12	chinese	moto	rules	choice	
chinese-moto-rules-choice-247	自行車可以騎在<br/>(1) 自行車專用道<br/>(2) 人行道<br/>(3) 以上皆可。	1	12	chinese	moto	rules	choice	
chinese-moto-rules-choice-248	駕駛人之體格及體能變化已不符合格標準，應<br/>(1) 駕照繳回當地監理機關<br/>(2) 不需繳回駕照<br/>(3) 評估仍可駕駛即無需繳回。	1	12	chinese	moto	rules	choice	
chinese-moto-rules-choice-249	申請機車考驗，筆試不及格者，不得參加路考，其及格標準為<br/>(1) 交通規則80分，路考70分<br/>(2) 交通規則85分，路考70分<br/>(3) 交通規則及路考各80分。	2	12	chinese	moto	rules	choice	
chinese-moto-rules-choice-250	駕駛人其視力檢查合格標準，下列何者為非<br/>(1) 兩眼祼視力達0.6以上者，且每眼各達0.5以上者<br/>(2) 矯正後兩眼視力達0.8以上，且每眼各達0.6以上者<br/>(3) 兩眼祼視力及每眼需達0.6以上。	3	12	chinese	moto	rules	choice	hard
chinese-moto-rules-choice-251	駕駛人經考驗及格，未領有駕駛執照前，<br/>(1) 不可駕駛汽車<br/>(2) 可駕駛汽車<br/>(3) 駕駛技術優良則可駕車。	1	12	chinese	moto	rules	choice	
chinese-moto-rules-choice-252	申請駕駛執照考驗，不依規定或利用不正當手段報名參加應考者，下列何者不正確？<br/>(1) 已考領駕駛執照者無效，由公路監理機關註銷並追繳之<br/>(2) 報考人及代考人均自查獲之日起五年內不得再行報考<br/>(3) 已考領駕駛執照者無法註銷。	3	12	chinese	moto	rules	choice	
chinese-moto-rules-choice-253	機車附載人員或物品，下列何者不正確？<br/>(1) 小型輕型機車不得附載人員，重型及普通輕型機車在駕駛人後設更固定座位者，得附載1人<br/>(2) 附載坐人後，不得另載物品<br/>(3) 附載坐人可以側坐。	3	12	chinese	moto	rules	choice	
chinese-moto-rules-choice-254	機車行駛之車道，無標誌或標線者，在未劃分快慢車道之道路，應在最外側2車道行駛，單行道應在 <br/>(1) 最左側車道行駛<br/>(2) 最右側車道行駛<br/>(3) 以上均可。	3	12	chinese	moto	rules	choice	
chinese-moto-rules-choice-255	機車行駛之車道，應依標誌或標線之規定行駛，無標誌或標線者，由同向2車道進入1車道，應讓直行車道之車輛先行，無直行車道者，<br/>(1) 外車道之車輛應讓內車道之車輛先行<br/>(2) 內車道之車輛應讓外車道之車輛先行<br/>(3) 以上均可。	1	12	chinese	moto	rules	choice	
chinese-moto-rules-choice-256	機車行駛至交岔路口，其轉彎，應依標誌或標線之規定行駛，無標誌或標線者，內側車道設有禁行機車標誌或標線者，應<br/>(1) 兩段方式進行左轉<br/>(2) 可以由內側左轉<br/>(3) 由其他車道左轉。	1	12	chinese	moto	rules	choice	
chinese-moto-rules-choice-257	行經設有彎道、陡坡、狹橋、隧道、交岔路口標誌之路段或鐵路平交道、道路施工地段 <br/>(1) 可以超車<br/>(2) 須先按鳴喇叭示警並獲允讓方可超車<br/>(3) 不得超車。	3	12	chinese	moto	rules	choice	
chinese-moto-rules-choice-258	在設有學校、醫院標誌或其他設有禁止超車標誌、標線之處所、地段或對面有來車交會或前行車連貫2輛以上者，<br/>(1) 可以超車<br/>(2) 須先按鳴喇叭示警並獲允讓方可超車<br/>(3) 不得超車。	3	12	chinese	moto	rules	choice	
chinese-moto-rules-choice-259	超越同1車道之前車時，預先按鳴喇叭2單響或變換燈光1次，但<br/>(1) 不得連續密集按鳴喇叭，迫使前車允讓<br/>(2) 不得連續變換燈光，迫使前車允讓<br/>(3) 以上皆是。	3	12	chinese	moto	rules	choice	
chinese-moto-rules-choice-260	行至無號誌或號誌故障而無交通指揮人員指揮之交岔路口<br/>(1) 支線道車應暫停讓幹線道車先行<br/>(2) 幹線道車應暫停讓支線道車先行<br/>(3) 以上均可。	1	12	chinese	moto	rules	choice	
chinese-moto-rules-choice-261	行車速度超過規定之最高速限或低於規定之最低速限違規之舉發，採用固定或非固定式科學儀器取得證據資料，於一般道路應於多少距離明顯標示？<br/>(1)  100公尺至300公尺間<br/>(2)  200公尺至400公尺間<br/>(3)  300公尺至500公尺間。	1	12	chinese	moto	rules	choice	
chinese-moto-rules-choice-262	受處分人不服道路交通管理處罰條例第8條或第37條第5項處罰之裁決者，應以原處分機關為被告，逕向管轄之地方法院行政訴訟庭提起訴訟；其中撤銷訴訟之提起，應於裁決書送達後幾日內為之？<br/>(1)  20日 <br/>(2)  30日<br/>(3)  60日。	2	12	chinese	moto	rules	choice	hard
chinese-moto-rules-choice-263	逕行舉發違規停車之情形，而駕駛人、汽車所有人不在場或未能將汽車移置，每逾幾小時得連續舉發？<br/>(1) 2小時<br/>(2) 3小時<br/>(3) 6小時。	1	12	chinese	moto	rules	choice	
chinese-moto-rules-choice-264	駕駛人於5年內，經測試檢定酒後駕車2次以上者，當場移置保管該汽車及吊銷其駕駛執照3年，並處罰鍰新臺幣<br/>(1) 3萬元<br/>(2) 6萬元<br/>(3) 9萬元。	3	12	chinese	moto	rules	choice	
chinese-moto-rules-choice-265	聞消防車、救護車、警備車、工程救險車、毒性化學物質災害事故應變車之警號，不避讓者，除罰鍰外，並 <br/>(1) 違規記點<br/>(2)  吊扣駕駛執照3個月<br/>(3) 吊銷駕照。 	3	12	chinese	moto	rules	choice	
chinese-moto-rules-choice-266	駕駛人任意以迫近、驟然變換車道或其他不當方式，迫使他車讓道者，除罰鍰外，並當場禁止其駕駛及吊扣該汽車牌照<br/>(1) 3個月<br/>(2) 6個月<br/>(3) 12個月。	1	12	chinese	moto	rules	choice	hard
chinese-moto-rules-choice-267	駕駛人駕駛汽車肇事致人受傷或死亡者，吊銷其駕駛執照且多久不得考領？<br/>(1) 1年<br/>(2) 2年<br/>(3) 3年。	3	12	chinese	moto	rules	choice	
chinese-moto-rules-choice-268	駕駛汽車行經行人穿越道有行人穿越時，不暫停讓行人先行通過者，處分為 <br/>(1) 罰鍰<br/>(2) 吊扣駕照1個月<br/>(3) 施以道路交通安全講習。	1	12	chinese	moto	rules	choice	
chinese-moto-rules-choice-269	機車號牌遺失者，重新申領牌照，需要檢附何者開立之車牌遺失證明單？<br/>(1) 村里長<br/>(2) 警察機關<br/>(3) 機車購買廠商。	2	12	chinese	moto	rules	choice	medium
chinese-moto-rules-choice-270	機車行照自中華民國102年1月1日起需不需要申請換發<br/>(1) 需要<br/>(2) 不需要<br/>(3) 車齡10年以上才需要。	2	12	chinese	moto	rules	choice	
chinese-moto-rules-choice-271	機車已不堪使用應向監理機關申請<br/>(1) 過戶<br/>(2) 停駛<br/>(3) 報廢。	3	12	chinese	moto	rules	choice	
chinese-moto-rules-choice-272	車身顏色變更需要向何者申請變更登記？<br/>(1) 原購買機車廠商<br/>(2) 監理機關<br/>(3) 環保機關。	2	12	chinese	moto	rules	choice	
chinese-moto-rules-choice-273	機車之車燈<br/>(1) 不可噴色<br/>(2) 不可黏貼膠紙<br/>(3) 以上皆是。	3	12	chinese	moto	rules	choice	
chinese-moto-rules-choice-274	機車買賣或讓予應向監理機關申請<br/>(1) 過戶<br/>(2) 停駛<br/>(3) 報廢。	1	12	chinese	moto	rules	choice	
chinese-moto-rules-choice-275	機車失竊時應檢附警察機關車輛失竊證明單向公路監理機關申辦<br/>(1) 註銷牌照登記<br/>(2) 車輛報廢<br/>(3) 過戶登記。	1	12	chinese	moto	rules	choice	
chinese-moto-rules-choice-276	機車設備下列何者不正確？<br/>(1) 不得裝設可發出不同音調之喇叭<br/>(2) 左右兩側之照後鏡不得拆除<br/>(3) 擋泥板可以不裝。	3	12	chinese	moto	rules	choice	
chinese-moto-rules-choice-277	現行機車出廠滿幾年辦理轉讓過戶時需要參加臨時檢驗？<br/>(1) 5年<br/>(2) 7年<br/>(3) 10年。	1	12	chinese	moto	rules	choice	
chinese-moto-rules-choice-278	機車號牌規定下列何者不正確？<br/>(1) 不得偽造、變造或矇領<br/>(2) 不得私下買賣 <br/>(3) 可借供他車使用。	3	12	chinese	moto	rules	choice	
chinese-moto-rules-choice-279	有關機車號牌規定下列何者不正確？<br/>(1) 應正面懸掛於車輛後端之明顯適當位置<br/>(2) 不得變造損毀、塗抹或粘貼其他材料、加裝邊框或霓虹燈、裝置旋轉架<br/>(3) 可裁剪或扭曲懸掛。	3	12	chinese	moto	rules	choice	
chinese-moto-rules-choice-280	行車遇有行人穿越時，下列何者不正確？<br/>(1) 行近未設行車管制號誌之行人穿越道前，應減速慢行<br/>(2) 行經行人穿越道，遇有行人穿越時，無論有無交通指揮人員指揮或號誌指示，均應暫停讓行人先行通過<br/>(3) 未劃設行人穿越道之交岔路口，無需禮讓行人先行通過。	3	12	chinese	moto	rules	choice	
chinese-moto-rules-choice-281	使用燈光規定下列何者不正確？<br/>(1) 夜間應開亮頭燈<br/>(2) 行經隧道、調撥車道應開亮頭燈<br/>(3) 天色昏暗或視線不清時，得使用霧燈。	3	12	chinese	moto	rules	choice	
chinese-moto-rules-choice-282	鐵路平交道上無看守人員管理或無遮斷器、警鈴、閃光號誌之設備者，駕駛人應在軌道外幾公尺前暫停、看、聽鐵路兩方無火車來時，始得通過？<br/>(1) 1至2公尺<br/>(2) 3至6公尺<br/>(3) 無規定。	2	12	chinese	moto	rules	choice	hard
chinese-moto-rules-choice-283	鐵路平交道設有遮斷器或看守人員管理者，下列何者為不正確？<br/>(1) 如警鈴已響、閃光號誌已顯示或遮斷器已開始放下或看守人員表示停止時，應即暫停，俟遮斷器開放或看守人員表示通行後，始得通過<br/>(2) 如遮斷器未放下或看守人員未表示停止時，仍應看、聽鐵路兩方無火車駛來，始得通過<br/>(3) 遮斷器開放後應盡速通過，無需左右查看。	3	12	chinese	moto	rules	choice	
chinese-moto-rules-choice-284	機車因故辦理停駛，期限最多不得超過<br/>(1) 1年<br/>(2) 1年半<br/>(3) 2年。	1	12	chinese	moto	rules	choice	
chinese-moto-rules-choice-285	報廢之車輛<br/>(1) 不得再行申請登記檢驗領照使用<br/>(2) 修復後可申請登記檢驗領照使用<br/>(3) 無規定。	1	12	chinese	moto	rules	choice	
chinese-moto-rules-choice-286	機車發生交通事故遭受重大損壞，經修復後應實施<br/>(1) 定期檢驗 <br/>(2) 臨時檢驗<br/>(3) 申請牌照檢驗。	2	12	chinese	moto	rules	choice	
chinese-moto-rules-choice-287	駕駛執照遺失後應<br/>(1) 重新考領駕照<br/>(2) 向公路監理機關申請補發<br/>(3) 登報作廢即可。	2	12	chinese	moto	rules	choice	
chinese-moto-rules-choice-288	駕駛執照破爛損毀不易辨明時，要<br/>(1) 申請換發<br/>(2) 重行考領<br/>(3) 不須換領。	1	12	chinese	moto	rules	choice	
chinese-moto-rules-choice-289	執行任務完畢的消防車、救護車、警備車其行車速度應<br/>(1) 不受限制<br/>(2) 每小時50公里<br/>(3) 依道路規定行駛。	3	12	chinese	moto	rules	choice	
chinese-moto-rules-choice-290	行車最高指導原則，絕對是<br/>(1) 車速越慢越好<br/>(2) 與前車保持安全車距<br/>(3) 緊跟前車較不易出錯。	2	12	chinese	moto	rules	choice	
chinese-moto-rules-choice-291	行經交岔路口，行車管制號誌為綠燈時，<br/>(1) 通行權在我，應加速通過 <br/>(2) 應停車，再重新起步行駛通過<br/>(3) 應減速並小心行駛通過。	3	12	chinese	moto	rules	choice	
chinese-moto-rules-choice-292	遇有特殊情況，必須行駛道路左側時，應該<br/>(1) 加速快行<br/>(2) 減速慢行並注意前方來車及路旁行人<br/>(3) 多按鳴喇叭，使對面來車知道。	2	12	chinese	moto	rules	choice	
chinese-moto-rules-choice-293	變換車道時，應先<br/>(1) 按鳴喇叭<br/>(2) 變換燈光<br/>(3) 顯示方向燈。	3	12	chinese	moto	rules	choice	
chinese-moto-rules-choice-294	在雙向2車道上「欲」超越前行車，發現對向有來車，你應該<br/>(1) 立即減速放棄超車<br/>(2) 馬上加速搶先超越<br/>(3) 按鳴喇叭，促來車減速或避讓。	1	12	chinese	moto	rules	choice	
chinese-moto-rules-choice-295	在市區交通頻繁之道路<br/>(1) 按鳴喇叭兩長聲後，可以超車<br/>(2) 按鳴喇叭兩短聲後，可以超車<br/>(3) 不可按鳴喇叭或超車。	3	12	chinese	moto	rules	choice	
chinese-moto-rules-choice-296	行車中，駕駛人看到鐵路平交道標誌或標線後，應即將車速減低至時速<br/>(1) 15公里以下<br/>(2) 20公里以下<br/>(3) 30公里以下。	1	12	chinese	moto	rules	choice	
chinese-moto-rules-choice-297	禁止停車路段，其禁止時間為每日之<br/>(1) 上午7時至晚間8時<br/>(2) 下午7時至上午8時<br/>(3) 全天24小時。如有延長或縮短之必要時，應以標誌及附牌標示之。	1	12	chinese	moto	rules	choice	hard
chinese-moto-rules-choice-298	禁止停車路段<br/>(1) 禁止臨時停車，但可以停車<br/>(2) 禁止停車，但可以臨時停車<br/>(3) 不得停車也不得臨時停車。	2	12	chinese	moto	rules	choice	hard
chinese-moto-rules-choice-299	禁止臨時停車路段<br/>(1) 禁止臨時停車，但可以停車<br/>(2) 禁止停車，但可以臨時停車<br/>(3) 不得臨時停車也不得停車。	3	12	chinese	moto	rules	choice	
chinese-moto-rules-choice-300	駕駛人駕車肇事，無人受傷或死亡且機車尚能行駛，應優先<br/>(1) 等待警察前來處理<br/>(2) 將車輛位置標繪後並迅速移置路邊<br/>(3) 通知保險公司。	2	12	chinese	moto	rules	choice	
chinese-moto-rules-choice-301	肇事後在地面標繪相關證物位置後，下列何種狀況應將車輛立即移至路邊，切勿妨礙交通？<br/>(1) 輕微事故無人傷亡<br/>(2) 有人重傷<br/>(3) 有人死亡。	1	12	chinese	moto	rules	choice	
chinese-moto-rules-choice-302	車道專供<br/>(1) 行人<br/>(2) 車輛<br/>(3) 行人與車輛    通行之道路。	2	12	chinese	moto	rules	choice	
chinese-moto-rules-choice-303	於身心障礙專用停車位違規停車者<br/>(1) 罰鍰<br/>(2) 吊扣牌照<br/>(3) 勸導。	1	12	chinese	moto	rules	choice	
chinese-moto-rules-choice-304	駕駛人駕駛機車肇事無人受傷或死亡，且機車尚能行駛而不儘速將位置標繪移置路邊，致妨礙交通者處罰<br/>(1) 留置該機車<br/>(2) 罰鍰 <br/>(3) 扣留牌照。	2	12	chinese	moto	rules	choice	
chinese-moto-rules-choice-305	駕駛人無正當理由，不依規定接受道路交通安全講習者，處新臺幣1，800元罰鍰，經再通知依限參加講習，逾期6個月以上仍不參加者，應罰<br/>(1) 吊扣行車執照<br/>(2) 吊銷駕駛執照 <br/>(3) 吊扣駕駛執照。	3	12	chinese	moto	rules	choice	
chinese-moto-rules-choice-306	肇事逃逸案件，經通知所有人到場說明，無故不到場說明，或不提供駕駛人相關資料者<br/>(1) 吊銷牌照<br/>(2) 吊扣牌照 <br/>(3) 吊扣駕照。	2	12	chinese	moto	rules	choice	
chinese-moto-rules-choice-307	機車所有人或駕駛人於辦理車輛過戶、停駛、復駛、繳交牌照、註銷牌照、換發牌照或駕駛執照前<br/>(1) 應繳清未結之違規罰鍰<br/>(2) 不需要繳清未結之違規罰鍰<br/>(3) 沒規定。	1	12	chinese	moto	rules	choice	
chinese-moto-rules-choice-308	交通違規案件，民眾得敘明違規事實或檢具違規證據資料，向公路主管或警察機關檢舉，經查證屬實者，應即舉發。但行為終了日起逾多少日期之檢舉，不予舉發：<br/>(1) 7日<br/>(2) 30日<br/>(3) 60日。	1	12	chinese	moto	rules	choice	hard
chinese-moto-rules-choice-309	機車全高不得超過：<br/>(1) 2公尺<br/>(2) 2.5公尺<br/>(3) 3公尺。	1	12	chinese	moto	rules	choice	
chinese-moto-rules-choice-310	變換車道時，應：<br/>(1) 讓直行車先行<br/>(2) 讓轉彎車先行<br/>(3) 不須禮讓。	1	12	chinese	moto	rules	choice	
chinese-moto-rules-choice-311	號誌是管制：<br/>(1) 行進<br/>(2) 注意、停止<br/>(3) 注意、行進、停止等 之指示訊號。	3	12	chinese	moto	rules	choice	
chinese-moto-rules-choice-312	駕駛執照受吊銷、註銷或吊扣處分時應如何處理：<br/>(1) 沒有規定<br/>(2) 應將駕駛執照繳回當地公路監理機關<br/>(3) 繳交警察機關。	2	12	chinese	moto	rules	choice	
chinese-moto-rules-choice-313	肇事時，若以路權責任歸屬，下列何者為正確：<br/>(1) 直行車應讓轉彎車<br/>(2) 先到路口者先行<br/>(3) 轉彎車應讓直行車。	3	12	chinese	moto	rules	choice	
chinese-moto-rules-choice-314	未設機慢車左(右)轉待轉路段，對向行駛之左右轉彎車輛，已轉彎進入同一車道時應讓：<br/>(1) 右轉彎車輛先行<br/>(2) 左轉彎車輛先行<br/>(3) 同時前進。	2	12	chinese	moto	rules	choice	
chinese-moto-rules-choice-315	除行駛在單行道或指定行駛於左側車道外，在未劃行車分向線或分向限制線之道路，應：<br/>(1) 靠右行駛<br/>(2) 靠左行駛<br/>(3) 在道路中間行駛。	1	12	chinese	moto	rules	choice	
chinese-moto-rules-choice-316	在未劃有分向標線之道路，或鐵路平交道，或不良道路會車時，應該：<br/>(1) 加速快行<br/>(2) 減速慢行<br/>(3) 照常行駛。	2	12	chinese	moto	rules	choice	
chinese-moto-rules-choice-317	在峻狹坡道會車時，應該：<br/>(1) 下坡車讓上坡車先行<br/>(2) 上坡車讓下坡車先行<br/>(3) 不須相讓。	1	12	chinese	moto	rules	choice	hard
chinese-moto-rules-choice-318	在設有彎道、坡路、狹橋、隧道標誌路段或鐵路平交道處：<br/>(1) 可以迴車<br/>(2) 減速至5公里左右始可迴車<br/>(3) 不得迴車。	3	12	chinese	moto	rules	choice	
chinese-moto-rules-choice-319	交岔路口、公共汽車招呼站多少公尺內不得臨時停車：<br/>(1) 10公尺<br/>(2) 20公尺<br/>(3) 30公尺。	1	12	chinese	moto	rules	choice	
chinese-moto-rules-choice-320	行經設有學校、醫院標誌之路段，應該：<br/>(1) 減速慢行，作隨時停車之準備<br/>(2) 多按鳴喇叭，使行人注意<br/>(3) 加速通過，以免人車擁塞。	1	12	chinese	moto	rules	choice	easy
chinese-moto-rules-choice-321	行駛在設有彎道、坡路、狹路標誌之路段，應該：<br/>(1) 加速通過，以免車輛擁塞<br/>(2) 前車行駛速度太慢時，應按鳴喇叭使前車加速前進<br/>(3) 均應減速慢行，作隨時停車之準備。	3	12	chinese	moto	rules	choice	
chinese-moto-rules-choice-322	駛近學校、醫院等處時：<br/>(1) 多按鳴喇叭，使學生或病人等注意<br/>(2) 除遇有緊急或危險情況外，不得按鳴喇叭<br/>(3) 只能按喇叭1短聲。	2	12	chinese	moto	rules	choice	
chinese-moto-rules-choice-323	駕駛人不在未劃分標線道路之中央右側駕車者，應處：<br/>(1) 吊扣駕駛執照<br/>(2) 罰鍰<br/>(3) 吊扣行車執照。	2	12	chinese	moto	rules	choice	
chinese-moto-rules-choice-324	駕駛人違規併排停車將處罰鍰新臺幣：<br/>(1)  1,200元<br/>(2)  1,800元<br/>(3)  2,400元。	3	12	chinese	moto	rules	choice	
chinese-moto-rules-choice-325	駕駛人有下列何種情況，須參加道路交通安全講習：<br/>(1) 違規停車<br/>(2) 未帶駕照<br/>(3) 在道路上蛇行。	3	12	chinese	moto	rules	choice	
chinese-moto-rules-choice-326	駕駛人有下列情形之一者，應施以道路交通安全講習：<br/>(1) 闖越鐵路平交道<br/>(2) 於交岔路口10公尺內臨時停車<br/>(3) 變換車道時，未注意安全距離。	1	12	chinese	moto	rules	choice	
chinese-moto-rules-choice-327	駕駛人駕車肇事，雖無人受傷或死亡，卻未依規定處置且逃逸者，除處罰鍰外，並：<br/>(1) 吊扣行車執照<br/>(2) 吊扣駕駛執照<br/>(3) 吊銷駕駛執照。	2	12	chinese	moto	rules	choice	
chinese-moto-rules-choice-328	駕駛人駕車，違反道路交通安全規則，因而肇事致人死亡者：<br/>(1) 吊扣行車執照<br/>(2) 吊扣駕駛執照<br/>(3) 吊銷駕駛執照。	3	12	chinese	moto	rules	choice	
chinese-moto-rules-choice-329	兩輛以上之機車在道路上競駛或競技者，除處罰駕駛人新臺幣30，000~90，000元罰鍰，及當場禁止其駕駛，並應：<br/>(1) 吊扣其駕駛執照<br/>(2) 吊銷其牌照<br/>(3) 吊銷其駕駛執照。	3	12	chinese	moto	rules	choice	
chinese-moto-rules-choice-330	經終身吊銷駕駛執照之受處分人，如為肇事致人死亡案件，經吊銷駕駛執照處分執行已逾幾年，得向公路主管機關申請考領駕駛執照：<br/>(1) 8年<br/>(2) 10年<br/>(3) 12年。	3	12	chinese	moto	rules	choice	
chinese-moto-rules-choice-331	遇幼童專用車、校車不依規定禮讓，或減速慢行者，除記違規點數外，並處：<br/>(1) 罰鍰<br/>(2) 吊銷駕照<br/>(3) 吊扣駕照。	1	12	chinese	moto	rules	choice	
chinese-moto-rules-choice-332	機車所有人已領有號牌而不懸掛或不依指定位置懸掛者，應處罰：<br/>(1) 罰鍰並吊扣牌照<br/>(2) 罰鍰並吊銷牌照<br/>(3) 罰鍰並禁止其行駛及牌照吊銷。	3	12	chinese	moto	rules	choice	medium
chinese-moto-rules-choice-333	牌照借供他車使用或使用他車牌照行駛者，除罰鍰外，並應：<br/>(1) 吊扣牌照<br/>(2) 吊銷牌照<br/>(3) 沒入車輛。	2	12	chinese	moto	rules	choice	hard
chinese-moto-rules-choice-334	駕車酒精濃度超過規定標準，除當場移置保管該機車及吊扣其駕駛執照1年，並處罰鍰新臺幣：<br/>(1) 15，000 ~90，000元<br/>(2) 10，000 ~ 30，000元<br/>(3) 6，000 ~ 12，000元。	1	12	chinese	moto	rules	choice	
chinese-moto-rules-choice-335	機車駕駛人經酒精濃度測試檢定超過標準值，除罰鍰、當場移置保管該機車外，並吊扣駕駛執照：<br/>(1) 3個月<br/>(2) 6個月<br/>(3) 1年。	3	12	chinese	moto	rules	choice	
chinese-moto-rules-choice-336	駕駛人若拒絕接受酒精濃度測試檢定者，除處罰鍰新臺幣90，000元，並：<br/>(1) 吊銷其駕駛執照<br/>(2) 吊扣其駕駛執照<br/>(3) 吊扣其行車執照。	1	12	chinese	moto	rules	choice	
chinese-moto-rules-choice-337	酒精濃度超過規定標準駕車之違規人，於5年內違反酒後駕車之規定2次以上者，除處罰鍰新臺幣90，000元，及當場移置保管該機車，並應：<br/>(1) 吊扣其行車執照<br/>(2) 吊銷其駕駛執照<br/>(3) 吊扣其駕駛執照。	2	12	chinese	moto	rules	choice	
chinese-moto-rules-choice-338	酒後駕車酒精濃度超過規定標準被當場移置保管車輛，其罰鍰：<br/>(1) 可以易處吊扣駕照<br/>(2) 不可以易處吊扣駕照<br/>(3) 沒規定。	2	12	chinese	moto	rules	choice	
chinese-moto-rules-choice-339	未領有駕照駕駛機車者應處罰鍰新臺幣：<br/>(1) 300～600元<br/>(2) 3，600～7，200元<br/>(3) 6，000～12，000元。	3	12	chinese	moto	rules	choice	
chinese-moto-rules-choice-340	駕駛人在快車道上依規定行駛，因行人或慢車不依規定，擅自進入快車道，而致人受傷或死亡，依法應負刑事責任者：<br/>(1) 一樣不變<br/>(2) 減輕其刑<br/>(3) 加重其刑。	2	12	chinese	moto	rules	choice	
chinese-moto-rules-choice-341	駕駛人無照駕駛或酒醉駕車因而致人受傷或死亡，依法應負刑事責任者，加重其刑至 <br/>(1) 3分之1<br/>(2) 2分之1<br/>(3) 1倍。	2	12	chinese	moto	rules	choice	
chinese-moto-rules-choice-342	拼裝車輛未經核准領用牌證行駛或報廢車仍行駛道路者，除禁止其行駛外，其車輛<br/>(1) 沒入之並罰鍰<br/>(2) 公告拍賣之<br/>(3) 繳清罰鍰後始得領回。	1	12	chinese	moto	rules	choice	
chinese-moto-rules-choice-343	下列何種違規行為得對車輛所有人逕行舉發處罰：<br/>(1) 無照駕駛 <br/>(2) 酒醉駕車<br/>(3) 違規停車而駕駛人不在場。	3	12	chinese	moto	rules	choice	
chinese-moto-rules-choice-344	哪些駕駛行為，得以非固定式科學儀器取得證據資料，逕行舉發處罰：<br/>(1) 超速<br/>(2) 未保持安全距離<br/>(3) 以上皆是。	3	12	chinese	moto	rules	choice	
chinese-moto-rules-choice-345	逕行舉發超速行駛時，其：<br/>(1) 違規時間相隔4分鐘以上或行駛經過1個路口以上<br/>(2) 違規時間相隔5分鐘以上或行駛經過1個路口以上<br/>(3) 違規地點相距6公里以上、違規時間相隔6分鐘以上或行駛經過1個路口以上  得連續舉發之。但其違規地點在隧道內者，不在此限。	3	12	chinese	moto	rules	choice	
chinese-moto-rules-choice-346	逕行舉發超速行駛時，其違規地點相距：<br/>(1) 14公里以上<br/>(2) 8公里以上<br/>(3) 6公里以上  得連續舉發之，但其違規地點在隧道內者，不在此限。	3	12	chinese	moto	rules	choice	
chinese-moto-rules-choice-347	有關呼吸、心跳停止的急救常識：暢通呼吸道，檢查呼吸不超過<br/>(1) 5秒鐘<br/>(2) 10秒鐘<br/>(3) 30秒鐘。	2	13	chinese	moto	rules	choice	
chinese-moto-rules-choice-348	進行CPR(心肺復甦術)，胸外按壓與人工呼吸之比率，成人為<br/>(1) 30：2<br/>(2) 15：2<br/>(3)  5：1。	1	13	chinese	moto	rules	choice	hard
chinese-moto-rules-choice-349	確定傷患無意識時，需進行心肺復甦術，胸部按壓之頻率約為<br/>(1) 18次/每分鐘<br/>(2) 72次/每分鐘<br/>(3) 100次/每分鐘。	3	13	chinese	moto	rules	choice	
chinese-moto-rules-choice-350	發現傷者哪個部位受傷時，應告知並維持他不受移動？<br/>(1) 頸部<br/>(2) 脊椎<br/>(3) 以上皆是。	3	13	chinese	moto	rules	choice	
chinese-moto-rules-choice-351	維持呼吸道暢通是急救的首要任務，但如果傷者頸椎受傷，適合哪個方法維持呼吸道暢通？<br/>(1) 推下顎法<br/>(2) 抬下巴壓額法<br/>(3) 壓下巴抬額法。	1	13	chinese	moto	rules	choice	
chinese-moto-rules-choice-352	下列何者為正確的心外按摩位置？<br/>(1) 胸骨外緣<br/>(2) 胸骨上緣<br/>(3) 兩乳頭連線中央胸骨上。	3	13	chinese	moto	rules	choice	
chinese-moto-rules-choice-353	下列哪個表徵顯示個案有呼吸道阻塞？<br/>(1) 手抱肚子，彎腰一直喊痛<br/>(2) 手抓住頸部無法說話<br/>(3) 手按住胸口無法說話。	2	13	chinese	moto	rules	choice	
chinese-moto-rules-choice-354	下列何者需執行哈姆立克氏施救法？<br/>(1) 個案昏迷時<br/>(2) 懷疑呼吸道阻塞時<br/>(3) 懷疑心肌梗塞時。	2	13	chinese	moto	rules	choice	
chinese-moto-rules-choice-355	當發生車禍時，有名傷者大量出血，下列急救處理方式中何者錯誤?<br/>(1) 確定出血位置，剪開衣物，加壓止血<br/>(2) 使用止血帶止血法，並且每隔15~20分鐘就鬆開一次<br/>(3) 將出血患肢放置低於心臟的位置，這樣血才不會流太多。	3	13	chinese	moto	rules	choice	
chinese-moto-rules-choice-356	CPR(心肺復甦術)在心跳停止多久後必須馬上執行，以免造成腦部不可逆的傷害? <br/>(1) 在10~15分鐘內<br/>(2) 在8~10分鐘內<br/>(3) 在4~6分鐘內。	3	13	chinese	moto	rules	choice	hard
chinese-moto-rules-choice-357	施行哈姆立克急救法時，雙手應握拳施力於病人的何處? <br/>(1) 肚臍左方<br/>(2) 肚臍下方<br/>(3) 肚臍與胸骨的中間位置。	3	13	chinese	moto	rules	choice	
chinese-moto-rules-choice-358	急救的優先做法為何?<br/>(1) 把頭擺正<br/>(2) 輕拍病患，並評估意識<br/>(3) 聽診呼吸音。	2	13	chinese	moto	rules	choice	hard
chinese-moto-rules-choice-359	在化學傷害的緊急處理的措施為何?<br/>(1) 沖洗患部<br/>(2) 找中和劑<br/>(3) 脫除衣物。	1	13	chinese	moto	rules	choice	
chinese-moto-rules-choice-360	因外傷導致腿部出血，下列措施何者適當? <br/>(1) 不可使用止血帶，以防患肢壞死<br/>(2) 宜在傷口上加壓止血<br/>(3) 避免抬高患肢。	2	13	chinese	moto	rules	choice	
chinese-moto-rules-choice-361	請依急救原則，決定急救順序：A止血B維持呼吸道通暢C固定骨折。<br/>(1) A→B→C <br/>(2) B→C→A<br/>(3)  B→A→C	3	13	chinese	moto	rules	choice	
chinese-moto-rules-choice-362	下列有關一氧化碳中毒的敘述，下列何者錯誤? <br/>(1) 瓦斯外漏、汽車引擎排出的廢氣都是造成一氧化碳中毒的原因<br/>(2) 患者的皮膚呈黑色<br/>(3) 一氧化碳中毒時，須馬上將患者移出危險環境，並給予100%氧氣吸入。	2	13	chinese	moto	rules	choice	easy
chinese-moto-rules-choice-363	CPR(心肺復甦術)時觀察患者有無呼吸的方法，不包括下列何者? <br/>(1) 看胸部有無起伏<br/>(2) 感覺有無氣體呼出<br/>(3) 摸有無頸動脈跳動。	3	13	chinese	moto	rules	choice	easy
chinese-moto-rules-choice-364	如患者有骨折，下列何者為不適當的急救處置?<br/>(1) 移動患者骨折處，擺出能使患者舒服的臥位<br/>(2) 優先處理出血或休克，再以夾板固定患部<br/>(3) 不要隨意移動患者的骨折部位。	1	13	chinese	moto	rules	choice	
chinese-moto-rules-choice-365	關於一般傷口的急救法，下列何者錯誤?<br/>(1) 先不要做任何處置，應靜待急救人員<br/>(2) 使用流動的水或雙氧水來清理傷口<br/>(3) 大量流血時，應用止血法。	1	13	chinese	moto	rules	choice	
chinese-moto-rules-choice-366	當發現有人昏迷時，下列何者為首要措施?<br/>(1) 直接進行CPR(心肺復甦術) <br/>(2) 確認患者的意識狀態與脈搏<br/>(3) 立刻使用自動體外去顫器（AED)。	2	13	chinese	moto	rules	choice	medium
chinese-moto-rules-choice-367	對於意識不清的患者，最好的姿位為下列何者? <br/>(1) 半坐臥<br/>(2) 復甦姿勢<br/>(3) 平躺。	2	13	chinese	moto	rules	choice	
chinese-moto-rules-choice-368	執行CPR(心肺復甦術)後，患者已逐漸恢復呼吸及心跳，請問依照現在此患者的狀況，最適合的姿勢為何者? <br/>(1) 復甦姿勢<br/>(2) 平躺<br/>(3) 半坐臥。	1	13	chinese	moto	rules	choice	medium
chinese-moto-rules-choice-369	有名患者為大面積的嚴重燒傷，下列處置何者錯誤?<br/>(1) 馬上大量沖水<br/>(2) 不管是否傷口沾黏立即脫去衣物<br/>(3) 靜脈注射補充電解質。	2	13	chinese	moto	rules	choice	
chinese-moto-rules-choice-370	對於昏迷或是意識不清的患者，要如何幫助其維持體溫?<br/>(1) 給予患者熱飲<br/>(2) 使用熱水<br/>(3) 給予覆蓋毛毯。	3	13	chinese	moto	rules	choice	
chinese-moto-rules-choice-371	進行CPR(心肺復甦術)每2分鐘，評估效果，應先檢查哪一項？<br/>(1) 呼吸<br/>(2) 脈搏<br/>(3) 意識。	2	13	chinese	moto	rules	choice	medium
chinese-moto-rules-choice-372	成人有效的人工呼吸法為何?<br/>(1) 口對鼻<br/>(2) 隔空傳氣<br/>(3) 口對口。	3	13	chinese	moto	rules	choice	
chinese-moto-rules-choice-373	開始施行心肺復甦術後，不可中斷超過幾秒鐘以上？<br/>(1) 10秒<br/>(2) 13秒<br/>(3) 15秒。	1	13	chinese	moto	rules	choice	hard
chinese-moto-rules-choice-374	施行CPR(心肺復甦術)時，在給予人工呼吸時，若無法吹入氣體則應如何處理？<br/>(1) 重新打開呼吸道，再吹1口氣<br/>(2) 放棄急救<br/>(3) 馬上施行胸部按壓。	1	13	chinese	moto	rules	choice	
chinese-moto-rules-choice-375	CPR(心肺復甦術)實施程序：「叫→叫→C→A→B→D」中的「D」是指<br/>(1) 壓額提下巴<br/>(2) 取得AED(自動體外心臟去顫器)去顫<br/>(3) 死亡。	2	13	chinese	moto	rules	choice	hard
chinese-moto-rules-choice-376	停止施行CPR(心肺復甦術)的理由為何？<br/>(1) 救護人員到達接替救護工作<br/>(2) 傷患已恢復心跳<br/>(3) 以上皆是。	3	13	chinese	moto	rules	choice	
chinese-moto-rules-choice-377	血色鮮紅血液連續作噴狀流出係：<br/>(1) 靜脈出血<br/>(2) 微血管出血<br/>(3) 動脈出血。	3	13	chinese	moto	rules	choice	
chinese-moto-rules-choice-378	斷骨穿出皮外大量流血時，應先<br/>(1) 企圖把斷骨推回原位<br/>(2) 止血<br/>(3) 送醫。	2	14	chinese	moto	rules	choice	
chinese-moto-rules-choice-379	機車裝置照後鏡，其功能為<br/>(1) 增加車輛平衡<br/>(2) 方便駕駛人整理儀容<br/>(3) 幫助駕駛人增加兩側視野。	3	14	chinese	moto	rules	choice	
chinese-moto-rules-choice-380	速克達型（無段變速型）機車之煞車拉桿<br/>(1) 右手控制前輪、左手控制後輪<br/>(2)  左手控制前輪、右手控制後輪<br/>(3)  左手、右手同時控制前、後輪。	1	14	chinese	moto	rules	choice	hard
chinese-moto-rules-choice-381	長時間連續使用煞車會使煞車來令片過熱，造成煞車效果<br/>(1) 提升<br/>(2) 減弱<br/>(3) 無差別。	2	14	chinese	moto	rules	choice	
chinese-moto-rules-choice-382	發動機車引擎時，必先<br/>(1) 開啟頭燈<br/>(2) 打開危險警示燈<br/>(3) 握住煞車拉桿。	3	14	chinese	moto	rules	choice	
chinese-moto-rules-choice-383	機車進入彎道前<br/>(1) 不須減速<br/>(2) 須適當減速<br/>(3) 須適當加速。	2	14	chinese	moto	rules	choice	
chinese-moto-rules-choice-384	車輛長時間停放未使用，最好多久發動1次，每次3-5分鐘，以維持車輛引擎最佳啟動狀況？<br/>(1) 每季<br/>(2) 每週<br/>(3) 每月。	2	14	chinese	moto	rules	choice	
chinese-moto-rules-choice-385	行車安全指導原則：<br/>(1) 車速愈慢愈安全<br/>(2) 與前車、旁車保持安全車距<br/>(3) 緊跟前車較不易出錯。	2	14	chinese	moto	rules	choice	
chinese-moto-rules-choice-386	機車行車時與旁車應保持之安全距離間隔為<br/>(1) 0.5公尺以上<br/>(2) 1公尺以上<br/>(3) 隨時可以超車之間隔。	1	14	chinese	moto	rules	choice	
chinese-moto-rules-choice-387	機車行經路邊停車之汽車旁，應保持之安全間隔為<br/>(1)  隨時可以煞停之距離<br/>(2) 1公尺以上(約1個車門) <br/>(3)  0.5公尺以上。	2	14	chinese	moto	rules	choice	
chinese-moto-rules-choice-388	良好之騎乘姿勢是騎乘安全的保障之一，眼睛要<br/>(1) 保持直視<br/>(2) 不時注意速度表以免超速<br/>(3) 注意四周。	3	14	chinese	moto	rules	choice	
chinese-moto-rules-choice-389	良好之騎乘姿勢是騎乘安全的保障之一，腳掌要<br/>(1) 保持自然下垂<br/>(2) 平放踏板上<br/>(3) 一腳保持自然下垂、一腳平放踏板上。	2	14	chinese	moto	rules	choice	
chinese-moto-rules-choice-390	行車速率愈高，駕駛人之反應距離：<br/>(1) 愈長<br/>(2) 愈短<br/>(3) 不變。	1	14	chinese	moto	rules	choice	
chinese-moto-rules-choice-391	最小安全跟車距離必須<br/>(1) 大於<br/>(2) 小於<br/>(3) 等於 停車距離。	1	14	chinese	moto	rules	choice	
chinese-moto-rules-choice-392	適當的跟車距離可以預防肇事，因為<br/>(1) 有摩擦力<br/>(2) 有牽引力<br/>(3) 有足夠反應時間與空間。	3	14	chinese	moto	rules	choice	
chinese-moto-rules-choice-393	行經無號誌管制之交岔路口，比較安全的做法： <br/>(1) 先看右、後看左、再看右<br/>(2) 先看左、後看右、再看左<br/>(3) 先看哪邊無差別。	2	14	chinese	moto	rules	choice	
chinese-moto-rules-choice-394	汽油引擎正常之排氣顏色為<br/>(1) 黑色<br/>(2) 藍白色<br/>(3) 無色。	3	14	chinese	moto	rules	choice	
chinese-moto-rules-choice-395	機車引擎之排氣顏色為黑色，可能為<br/>(1) 汽油完全燃燒<br/>(2) 汽油燃燒不完全<br/>(3) 燃燒引擎機油。	2	14	chinese	moto	rules	choice	medium
chinese-moto-rules-choice-396	機車火星塞不良，容易造成<br/>(1) 加速無力、耗油<br/>(2) 發動困難<br/>(3) 以上皆是。	3	14	chinese	moto	rules	choice	
chinese-moto-rules-choice-397	緊急煞車時易致車輪鎖死，煞車距離會<br/>(1) 變長<br/>(2) 變短<br/>(3) 不變。	1	14	chinese	moto	rules	choice	
chinese-moto-rules-choice-398	機車排放廢氣中會造成地球溫室效應的主要氣體是哪一種?<br/>(1) 一氧化碳<br/>(2) 二氧化碳<br/>(3) 水蒸氣。	2	14	chinese	moto	rules	choice	
chinese-moto-rules-choice-399	機車進入加油站加油時，<br/>(1) 可撥、接行動電話<br/>(2) 只可接聽、不可撥打行動電話<br/>(3) 嚴禁撥、接行動電話。	3	14	chinese	moto	rules	choice	
chinese-moto-rules-choice-400	機車加油時應<br/>(1) 架起主腳架<br/>(2) 引擎熄火並嚴禁使用行動電話<br/>(3) 以上皆是。	2	14	chinese	moto	rules	choice	
chinese-moto-rules-choice-401	機車進入加油站等候加油時<br/>(1) 引擎必先熄火<br/>(2) 引擎不須熄火<br/>(3) 以上皆可。	1	14	chinese	moto	rules	choice	
chinese-moto-rules-choice-402	檢查機車引擎機油時<br/>(1) 引擎熄火<br/>(2) 停在平坦地面<br/>(3) 以上皆是。	3	14	chinese	moto	rules	choice	
chinese-moto-rules-choice-403	機車引擎機油除定期檢查外<br/>(1) 應定期更換<br/>(2) 不須更換<br/>(3) 視機油廠牌而定。	1	14	chinese	moto	rules	choice	
chinese-moto-rules-choice-404	添加機油時，應由何處加入?<br/>(1) 機油尺孔<br/>(2) 引擎上機油蓋口<br/>(3) 汽油箱蓋口。	2	14	chinese	moto	rules	choice	
chinese-moto-rules-choice-405	機車是否更換機油濾清器?<br/>(1) 視機油廠牌而定<br/>(2) 不須更換<br/>(3) 按照機車使用手冊規範而定。	3	14	chinese	moto	rules	choice	
chinese-moto-rules-choice-406	夜間或黑暗處，檢查電瓶液時，不可使用之照明工具為<br/>(1) 手電筒<br/>(2) 打火機<br/>(3) 電源工作燈。	2	14	chinese	moto	rules	choice	
chinese-moto-rules-choice-407	電瓶樁頭塗上何物，可以防止腐蝕並使導電良好?<br/>(1) 油漆<br/>(2) 黃油<br/>(3) 柏油。	2	14	chinese	moto	rules	choice	
chinese-moto-rules-choice-408	機車起動馬達使用之電源來自<br/>(1) 發電機供給<br/>(2) 電瓶供給<br/>(3) 引擎供給。	2	14	chinese	moto	rules	choice	
chinese-moto-rules-choice-409	機車安裝空氣濾清器的主要目的是<br/>(1) 避免吸入空氣中沙塵損傷汽缸<br/>(2) 減少機車運轉噪音<br/>(3) 過濾排放廢氣，減少污染。	1	14	chinese	moto	rules	choice	
chinese-moto-rules-choice-410	輪胎氣壓不足時，易造成<br/>(1) 輪胎兩側磨損<br/>(2) 輪胎中央磨損<br/>(3) 轉向變輕。	1	14	chinese	moto	rules	choice	impossible
chinese-moto-rules-choice-411	輪胎氣壓不足時，易造成<br/>(1) 輪胎兩側磨損<br/>(2) 行駛耗油增加<br/>(3) 以上皆是。	3	14	chinese	moto	rules	choice	
chinese-moto-rules-choice-412	輪胎氣壓太高時，易造成<br/>(1) 輪胎兩側磨損<br/>(2) 輪胎中央磨損<br/>(3)  行駛耗油增加。	2	14	chinese	moto	rules	choice	
chinese-moto-rules-choice-413	輪胎氣壓過高時，易造成<br/>(1) 車輛避震器加速損壞<br/>(2) 輪胎中央磨損<br/>(3)  以上皆是。	3	14	chinese	moto	rules	choice	
chinese-moto-rules-choice-414	輪胎胎面中央的花紋有較嚴重磨耗，其原因為<br/>(1) 輪胎氣壓太低<br/>(2) 輪胎氣壓太高<br/>(3) 車輛載重過大。	2	14	chinese	moto	rules	choice	
chinese-moto-rules-choice-415	車胎過度磨損<br/>(1) 不致危險<br/>(2) 乘坐較舒適<br/>(3) 會影響車輛轉向及煞車距離。	3	14	chinese	moto	rules	choice	
chinese-moto-rules-choice-416	機車輪胎之胎紋深度小於多少應即更換？<br/>(1) 1.6公釐<br/>(2) 1公釐<br/>(3) 0.8公釐。	2	14	chinese	moto	rules	choice	
chinese-moto-rules-choice-417	機車輪胎規格3.50-10-8PR表示<br/>(1) 輪胎寬度3.5英吋<br/>(2) 輪胎內徑10英吋<br/>(3) 以上皆是。	3	14	chinese	moto	rules	choice	
chinese-moto-rules-choice-418	駕駛人檢查輪胎之內容主要為<br/>(1) 檢查胎壓是否正常<br/>(2)  檢查輪胎外表是否龜裂、損傷或異常磨損<br/>(3) 以上皆是。	3	14	chinese	moto	rules	choice	
chinese-moto-rules-choice-419	輪胎構造中，哪一部分強度最弱? <br/>(1) 胎面<br/>(2) 胎邊(胎腹)<br/>(3) 胎唇。	2	14	chinese	moto	rules	choice	
chinese-moto-rules-choice-420	檢查輪胎氣壓必須於<br/>(1) 行駛後輪胎胎溫高於常溫時<br/>(2) 行駛前輪胎胎溫處於常溫時<br/>(3) 隨時均可。	2	14	chinese	moto	rules	choice	
chinese-moto-rules-choice-421	輪胎氣壓太低會造成<br/>(1) 胎邊容易受損而造成爆胎<br/>(2) 增加摩擦阻力而增加油耗<br/>(3) 以上皆是。	3	14	chinese	moto	rules	choice	
chinese-moto-rules-choice-422	輪胎應受保護<br/>(1) 避免接近熱源<br/>(2) 避免接觸礦油類相關油質<br/>(3) 以上皆是。	3	14	chinese	moto	rules	choice	
chinese-moto-rules-choice-423	建議使用之輪胎，以輪胎製造後不超過<br/>(1) 3年<br/>(2) 6年<br/>(3) 9年為原則。	2	14	chinese	moto	rules	choice	
chinese-moto-rules-choice-424	機車輪胎上的胎紋最主要功能為何?<br/>(1) 排水<br/>(2) 增加摩擦力<br/>(3) 防止輪胎表面龜裂。	1	14	chinese	moto	rules	choice	
chinese-moto-rules-choice-425	輪胎製造日期編號：MMD1213表示 <br/>(1) 2013年12月<br/>(2) 2012年第13週<br/>(3) 2013年第12週。	3	14	chinese	moto	rules	choice	hard
chinese-moto-rules-choice-426	輪胎胎紋太淺之危險性：<br/>(1) 影響輪胎摩擦力及抓地力，易延長煞車距離而發生事故<br/>(2) 雨天行駛時輪胎排水性變差，易發生打滑失控<br/>(3) 以上皆是。	3	14	chinese	moto	rules	choice	
chinese-moto-rules-choice-427	機車照後鏡之使用，何者不適當?<br/>(1) 行進中與前車距離很近時，需觀看照後鏡以利超車<br/>(2) 行駛前應將照後鏡調整至容易觀察後方車輛或道路狀況之角度與位置<br/>(3) 可利用等待紅燈時間調整照後鏡。	1	14	chinese	moto	rules	choice	
chinese-moto-rules-choice-428	機車附載乘客之原則，何者不正確?<br/>(1) 附載乘客不可側坐<br/>(2) 普通輕型機車不可附載乘客<br/>(3) 重型機車限載1人。	2	14	chinese	moto	rules	choice	
chinese-moto-rules-choice-429	下列何者不是機車正確的煞車方法?<br/>(1) 同時使用前後輪煞車<br/>(2) 將油門保持在加油狀況 <br/>(3) 依煞車特性逐漸加強煞車力至最大。	2	14	chinese	moto	rules	choice	
chinese-moto-rules-choice-430	購買安全帽<br/>(1) 必須貼有標準檢驗局之認證合格標籤<br/>(2) 應選擇顏色鮮明或有反光材料之安全帽<br/>(3) 以上皆是。	3	14	chinese	moto	rules	choice	easy
chinese-moto-rules-choice-431	安全帽經強力碰撞後<br/>(1) 不宜再使用<br/>(2) 外觀無損壞可繼續使用<br/>(3) 製造日期於3年內外觀無損壞可繼續使用。	1	14	chinese	moto	rules	choice	
chinese-moto-rules-choice-432	機車附載成員未戴安全帽<br/>(1) 處罰駕駛人<br/>(2) 處罰附載成員<br/>(3) 不處罰。	1	14	chinese	moto	rules	choice	
chinese-moto-rules-choice-433	下列何者非機車彎道行駛安全事項?<br/>(1) 彎道前應確實減速<br/>(2) 彎道中配合彎道加速以保持車身平衡<br/>(3) 出彎確認安全後再適度加速回復原速度。	2	14	chinese	moto	rules	choice	
chinese-moto-rules-choice-434	下列何種行為不利於行車安全?<br/>(1) 夜間市區行車使用近光燈<br/>(2) 彎道行車加速以保持車身平衡<br/>(3) 低速行駛時以控制油門取得平衡。	2	14	chinese	moto	rules	choice	
chinese-moto-rules-choice-435	下列何者是錯誤之機車加油知識?<br/>(1) 避免使用來路不明汽油<br/>(2) 辛烷值代表抗爆震強度<br/>(3) 辛烷值愈高的無鉛汽油對引擎愈好。	3	14	chinese	moto	rules	choice	hard
chinese-moto-rules-choice-436	下列敘述何者正確？<br/>(1) 胎面與輪胎磨耗指示平齊時，表示需更換輪胎<br/>(2)  胎面與輪胎磨耗指示垂直時，表示需更換輪胎<br/>(3)  機車輪胎任一點胎紋深度達1.6公釐時，表示需更換輪胎。	1	14	chinese	moto	rules	choice	
chinese-moto-rules-choice-437	下列何者非騎車出發前之必要動作<br/>(1) 檢查燈光<br/>(2) 確認胎壓<br/>(3) 暖車。	3	14	chinese	moto	rules	choice	
chinese-moto-rules-choice-438	機車照後鏡之敘述，何者錯誤?<br/>(1) 大多為凸面鏡<br/>(2) 幫助騎士掌握車輛後方狀況<br/>(3) 行進中若發現照後鏡無法順利觀察後方狀況，行駛中應即刻進行調整。	3	14	chinese	moto	rules	choice	
chinese-moto-rules-choice-439	機車駐車架之敘述，何者錯誤?<br/>(1) 可分為主腳架與側腳架<br/>(2) 屬於需作經常性更換之零件<br/>(3) 側腳架較不穩固，僅建議於短暫停車時使用。	2	14	chinese	moto	rules	choice	
chinese-moto-rules-choice-440	機車方向燈之敘述，下列何者錯誤?<br/>(1) 用以提醒前後方來車，本車欲轉彎之方向<br/>(2) 燈色應為橙色<br/>(3) 可依路況決定轉彎前是否顯示。	3	14	chinese	moto	rules	choice	
chinese-moto-rules-choice-441	機車基本配件及功能下列何者正確?<br/>(1) 照後鏡會阻礙機車於車陣中穿梭之流暢，必要時可拆除<br/>(2) 頭燈包含遠光燈與近光燈<br/>(3) 照後鏡屬於凹面鏡。	2	14	chinese	moto	rules	choice	
chinese-moto-rules-choice-442	機車超車十分危險，下列何者為錯誤行為?<br/>(1) 應確定該行駛路段允許超車<br/>(2) 輕按喇叭警示前車、顯示左方向燈警示後方來車<br/>(3) 以適當速度，由前方機車右側超越。	3	14	chinese	moto	rules	choice	
chinese-moto-rules-choice-443	車輛內輪差觀念，下列何者不正確？<br/>(1) 小客車沒有內輪差<br/>(2) 軸距愈長車輛內輪差愈大<br/>(3) 聯結車、砂石車等大型車，轉彎時會出現較大之內輪差。	1	14	chinese	moto	rules	choice	hard
chinese-moto-rules-choice-444	機車行駛於下列哪個路面狀況易發生打滑危險？<br/>(1) 路面標線<br/>(2) 施工路段鐵板<br/>(3) 以上皆是。	3	14	chinese	moto	rules	choice	
chinese-moto-rules-choice-445	機車駕駛人行經路面積水路段應<br/>(1) 快速通過<br/>(2) 低速通過<br/>(3) 蛇行閃避。	2	14	chinese	moto	rules	choice	easy
chinese-moto-rules-choice-446	下列何者非機車駕駛人轉彎前應做動作<br/>(1) 顯示方向燈<br/>(2) 讓大型車先行<br/>(3) 開亮頭燈。	3	14	chinese	moto	rules	choice	
chinese-moto-rules-choice-447	機車駕駛人行經無號誌交岔路口，何者非正確行為?<br/>(1) 接近無號誌交岔路口時，減速慢行<br/>(2) 同時抵達無號誌交岔路口時，幹道車輛優先通行<br/>(3) 同時抵達無號誌交岔路口時，若兩車皆為直行，右方車讓左方車優先通行。	3	14	chinese	moto	rules	choice	
chinese-moto-rules-choice-448	機車駕駛人行經閃黃燈交岔路口<br/>(1) 停車再開<br/>(2) 減速慢行<br/>(3) 僅供參考。	2	14	chinese	moto	rules	choice	
chinese-moto-rules-choice-449	機車駕駛人行經閃紅燈交岔路口，<br/>(1) 停車再開<br/>(2) 減速慢行<br/>(3) 僅供參考。	1	14	chinese	moto	rules	choice	
chinese-moto-rules-choice-450	交岔路口一方為閃黃燈、另一方為閃紅燈<br/>(1) 閃紅燈者優先行駛<br/>(2) 閃黃燈者優先行駛<br/>(3) 左方車優先通行。	2	14	chinese	moto	rules	choice	
chinese-moto-rules-choice-451	機車駕駛人行經交岔路口，黃燈亮起時已越行人穿越道，應<br/>(1) 立即停車<br/>(2) 退回機車停等區<br/>(3) 繼續前進。	3	14	chinese	moto	rules	choice	
chinese-moto-rules-choice-452	騎乘機車如果爆胎，第一時間應<br/>(1) 立即煞車<br/>(2) 放鬆油門<br/>(3) 轉動方向把手。	2	14	chinese	moto	rules	choice	
chinese-moto-rules-choice-453	騎乘機車如發現煞車失靈，第一時間應<br/>(1)  放鬆油門<br/>(2) 鳴按喇叭<br/>(3) 開亮頭燈。	1	14	chinese	moto	rules	choice	
chinese-moto-rules-choice-454	騎乘機車之危險行為，<br/>(1) 邊講手機邊騎車<br/>(2) 前後附載成員<br/>(3) 以上皆是。	3	14	chinese	moto	rules	choice	
chinese-moto-rules-choice-455	下列何者非騎乘機車正確行為?<br/>(1) 行經圓環應讓環外車輛優先通行<br/>(2) 加油站出口大多無號誌管制，駕駛人應減速慢行並注意車輛動向<br/>(3) 行駛於巷道應放慢速度，並利用反射鏡查看有無來車。	1	14	chinese	moto	rules	choice	
chinese-moto-rules-choice-456	騎乘機車如遇強風從左側吹來，應<br/>(1) 加速行駛通過<br/>(2) 向左側傾斜車身<br/>(3) 雙手握穩機車把手。	3	14	chinese	moto	rules	choice	
chinese-moto-rules-choice-457	騎乘機車如遇蚊蟲飛進眼睛，最適切之第一反應動作為<br/>(1) 在原車道立刻煞車處理<br/>(2) 減速安全停靠路邊處理<br/>(3)  開亮頭燈。	2	14	chinese	moto	rules	choice	
chinese-moto-rules-choice-458	騎乘機車遇前方有人孔蓋時，應<br/>(1) 騎至對向車道<br/>(2) 通過時握穩把手<br/>(3) 加速通過。	2	14	chinese	moto	rules	choice	
chinese-moto-rules-choice-459	騎乘機車經過崎嶇路段時，應<br/>(1) 握穩把手避免車輛偏移<br/>(2) 減速慢行，隨時準備停車<br/>(3) 以上皆是。	3	14	chinese	moto	rules	choice	
chinese-moto-rules-choice-460	騎乘機車經過施工路段，見地面鋪有鐵板時，應<br/>(1) 減速通過<br/>(2)  加速通過<br/>(3) 臨時閃避。	1	14	chinese	moto	rules	choice	
chinese-moto-rules-choice-461	騎乘機車時，看見前方有脫落之輪胎皮，何者為錯誤之處置? <br/>(1) 快速通過<br/>(2) 緊握機車把手<br/>(3) 減速慢行。	1	14	chinese	moto	rules	choice	
chinese-moto-rules-choice-462	機車改裝下列何者錯誤？<br/>(1) 擅自裝設高亮度HID頭燈<br/>(2) 將排氣管往上翹<br/>(3) 以上皆是。	3	14	chinese	moto	rules	choice	
chinese-moto-rules-choice-463	下列何者不是適當之機車駕駛裝備? <br/>(1) 二件式雨衣<br/>(2) 五指式手套<br/>(3) 拖鞋。	3	14	chinese	moto	rules	choice	
chinese-moto-rules-choice-464	選用安全帽之原則<br/>(1) 愈緊愈好，避免被風吹走<br/>(2) 選深色的，比較不易髒<br/>(3) 以上皆非。	3	14	chinese	moto	rules	choice	
chinese-moto-rules-choice-465	騎乘機車遇降雨，已離目的地不遠，應<br/>(1) 靠邊停車穿雨衣再前進<br/>(2) 撐傘繼續前進<br/>(3) 加速繼續前進。	1	14	chinese	moto	rules	choice	
chinese-moto-rules-choice-466	下列何項不會顯示於機車儀表板？<br/>(1) 遠光燈指示<br/>(2) 輪胎磨耗指示<br/>(3) 行車速度指示。	2	14	chinese	moto	rules	choice	easy
chinese-moto-rules-choice-467	以下何者非機車懸吊裝置之主要功能?<br/>(1) 減少行車噪音<br/>(2) 減少輪胎磨損<br/>(3) 使車輛能更安全與舒適的操控。	2	14	chinese	moto	rules	choice	
chinese-moto-rules-choice-468	機車煞車方式要隨外在環境調整，在乾燥或下坡路段<br/>(1) 前輪煞車為主、後輪煞車為輔<br/>(2) 後輪煞車為主、前輪煞車為輔<br/>(3) 前、後輪煞車平均分配。	1	14	chinese	moto	rules	choice	
chinese-moto-rules-choice-469	機車煞車方式要隨外在環境調整，在濕滑或上坡路段<br/>(1) 前輪煞車為主、後輪煞車為輔<br/>(2) 後輪煞車為主、前輪煞車為輔<br/>(3) 前、後輪煞車平均分配。	2	14	chinese	moto	rules	choice	hard
chinese-moto-rules-choice-470	根據道路交通規則的規定，一般正常人報考駕照之視力標準<br/>(1) 兩眼裸視必須達到0.6以上、且每眼各達0.5以上<br/>(2) 矯正後兩眼必須達到0.8以上、且每眼各達0.6以上<br/>(3) 以上皆是。	3	14	chinese	moto	rules	choice	
chinese-moto-rules-choice-471	駕駛人在行車過程中獲取資訊最重要之感覺：<br/>(1) 視覺<br/>(2) 聽覺<br/>(3) 觸覺。	1	14	chinese	moto	rules	choice	
chinese-moto-rules-choice-472	機車行駛有慢車道之單行道，可行駛於<br/>(1) 慢車道<br/>(2) 慢車道旁之快車道<br/>(3)  以上皆是。	3	14	chinese	moto	rules	choice	hard
chinese-moto-rules-choice-473	機車行駛一般道路時，除擬超越同一車道前車外，後車與前車之間應保持多少距離？<br/>(1) 隨時可以煞停<br/>(2) 1個車身<br/>(3) 2個車身。	1	14	chinese	moto	rules	choice	
chinese-moto-rules-choice-474	騎乘機車在沒有車道線、行車分向線或分向限制線道路，或設有快慢車道之慢車道時速不得超過<br/>(1) 30公里<br/>(2) 40公里<br/>(3) 50公里。	2	14	chinese	moto	rules	choice	
chinese-moto-rules-choice-475	騎乘機車在路口停等紅燈時，應<br/>(1) 儘量避免停於快車道前<br/>(2) 隨時從照後鏡觀察後方車輛動態<br/>(3) 以上皆是。	3	14	chinese	moto	rules	choice	
chinese-moto-rules-choice-476	騎乘機車行經路邊攤販、招牌、大型障礙物或停放之汽車時，應<br/>(1) 減速慢行<br/>(2) 保持適當距離<br/>(3) 以上皆是。	3	14	chinese	moto	rules	choice	
chinese-moto-rules-choice-477	行駛於有劃分島劃分快慢車道之道路，<br/>(1) 在慢車道行駛車輛不得左轉<br/>(2) 在快車道行駛車輛不得右轉<br/>(3) 以上皆是。	3	14	chinese	moto	rules	choice	
chinese-moto-rules-choice-478	騎乘機車遇濃霧應<br/>(1) 開啟頭燈<br/>(2) 放慢車速，保持安全距離<br/>(3) 以上皆是。	3	14	chinese	moto	rules	choice	
chinese-moto-rules-choice-479	騎乘機車應避免行駛於<br/>(1) 機車優先道<br/>(2) 最外側車道<br/>(3) 路面標線上。	3	14	chinese	moto	rules	choice	
chinese-moto-rules-choice-480	騎乘機車至山區道路發現山壁已有落石<br/>(1) 停止前進或改道<br/>(2) 機車體積小、機動性高，可以閃避前進<br/>(3) 戴全罩式安全帽者可繼續前進。	1	14	chinese	moto	rules	choice	
chinese-moto-rules-choice-481	在轉彎處發生車禍的原因，常是駕駛人<br/>(1) 疏忽視野死角<br/>(2) 疏忽大型車輛內輪差<br/>(3) 以上皆是。	3	14	chinese	moto	rules	choice	
chinese-moto-rules-choice-482	駕駛人在高速行駛狀況下，生理上對於緊急事件之處理<br/>(1) 反應較平常遲鈍，應變能力減退<br/>(2) 和平常狀況相同<br/>(3) 較平常狀況，應變能力加強。	1	14	chinese	moto	rules	choice	
chinese-moto-rules-choice-483	超速是交通事故主因之一，預防之道<br/>(1) 把每天生活工作時間規畫好，以免趕時間而超速<br/>(2) 調整車輛油門裝置，以降低車速<br/>(3)  調整車輛煞車裝置，以降低車速。	1	14	chinese	moto	rules	choice	
chinese-moto-rules-choice-484	十次車禍九次快，因此機車駕駛人為了自身及其他用路人安全<br/>(1) 不行駛危險道路<br/>(2) 不超速行駛<br/>(3) 多增加休息。	2	14	chinese	moto	rules	choice	
chinese-moto-rules-choice-485	在深夜郊區道路上空曠無車，騎乘機車<br/>(1) 可以超速行車<br/>(2) 仍應按照速限行駛<br/>(3) 在安全限度內稍微超速行駛，但不宜太快。	2	14	chinese	moto	rules	choice	
chinese-moto-rules-choice-486	機車安全的駕駛守則為<br/>(1) 戴安全帽並遵守速限<br/>(2) 行駛中勿使用行動通訊裝置<br/>(3) 以上均需遵守。	3	14	chinese	moto	rules	choice	
chinese-moto-rules-choice-487	一般交通秩序混亂造成交通阻塞、癱瘓甚至造成車禍，其主要原因在於<br/>(1) 用路人不遵守交通規則<br/>(2) 車輛數太多<br/>(3) 道路路面不夠寬敞。	1	14	chinese	moto	rules	choice	
chinese-moto-rules-choice-488	駕駛人見到其他用路人不良行為，容易逞強好勝意氣用事，性情暴躁容易衝動，要如何克制自己避免肇事：<br/>(1) 以牙還牙<br/>(2) 據理以爭<br/>(3) 忍耐與禮讓。	3	14	chinese	moto	rules	choice	
chinese-moto-rules-choice-489	駕駛人應有之修養為<br/>(1) 重視行車效率<br/>(2) 要有尊重生命之道德觀念及守法精神<br/>(3) 輕鬆隨興駕駛有益身心健康。	2	14	chinese	moto	rules	choice	
chinese-moto-rules-choice-490	交通秩序混亂，甚至肇事，主要在於部分用路人<br/>(1) 不守法<br/>(2) 欠缺忍讓、禮讓的道德精神<br/>(3) 以上皆是。	3	14	chinese	moto	rules	choice	
chinese-moto-rules-choice-491	一般駕駛人經常易犯的不道德駕駛行為包括<br/>(1) 不依規定車道行車<br/>(2) 違規臨時停車及任意停放車輛<br/>(3) 以上皆是。	3	14	chinese	moto	rules	choice	
chinese-moto-rules-choice-492	狹窄道路會車要<br/>(1) 相互禮讓<br/>(2) 先到先行<br/>(3) 把握時機。	1	14	chinese	moto	rules	choice	
chinese-moto-rules-choice-493	機車駕駛人最重要的觀念是<br/>(1) 要有重視人命的道德觀念<br/>(2) 服裝要整齊<br/>(3) 減少酒後騎車。	1	14	chinese	moto	rules	choice	easy
chinese-moto-rules-choice-494	夜間行車交會，來車不變換近光燈時應如何處置?<br/>(1) 以眼還眼，也用遠光燈報復<br/>(2) 不和對方一般見識，以近光燈減速行駛<br/>(3) 按喇叭警告。	2	14	chinese	moto	rules	choice	
chinese-moto-rules-choice-495	行經泥濘及積水路段正有行人通過，應<br/>(1) 加速衝過積水<br/>(2) 大鳴喇叭促使行人走避<br/>(3) 減速慢行，避免污水濺及行人。	3	14	chinese	moto	rules	choice	easy
chinese-moto-rules-choice-496	於郊區道路行車，發現有人牽牲畜橫越馬路時，應<br/>(1) 大鳴喇叭促使快速通過<br/>(2) 急加速搶在牲畜前通過<br/>(3) 減速慢行，待其通過後再前進。	3	14	chinese	moto	rules	choice	
chinese-moto-rules-choice-497	騎車途中，目睹車禍發生應<br/>(1) 儘速駛離現場<br/>(2) 暫留現場協助救護，並向警方處理人員作證<br/>(3) 如有查詢謊稱未看到，以免波及官司。	2	14	chinese	moto	rules	choice	
chinese-moto-rules-choice-498	排檔機車行進時，拉離合器拉桿：<br/>(1) 車輛會慣性滑行<br/>(2) 車輪空滑<br/>(3) 以上皆是。	3	14	chinese	moto	rules	choice	
chinese-moto-rules-choice-499	騎乘山路時身體動作要領，右手主控車輛控制油門，保持後輪推力方式過彎：<br/>(1) 在彎道前應移動臀部，利用身體與車輛同方向前傾<br/>(2) 左彎放鬆左肩、左手肘、左手腕；右彎放鬆右肩、右手肘、右手腕<br/>(3) 以上皆是。	3	14	chinese	moto	rules	choice	
chinese-moto-rules-choice-500	先將主開關鑰匙轉至〝OFF〞位置，再拆卸電瓶，步驟為：<br/>(1) 先拆負極線，再拆正極線<br/>(2) 先拆正極線，再拆負極線<br/>(3) 先拆後拆都可以。	1	14	chinese	moto	rules	choice	
chinese-moto-rules-choice-501	空氣濾清器如堆積塵埃，造成：<br/>(1) 馬力降低<br/>(2) 耗油<br/>(3) 以上皆是。	3	14	chinese	moto	rules	choice	
chinese-moto-rules-choice-502	加裝機車防風手把套：<br/>(1) 如果沒有綁好，可能卡住油門，導致爆衝的危險<br/>(2) 後方的超車車輛不小心會勾到手把套，可能摔車釀禍<br/>(3) 以上皆是。	3	14	chinese	moto	rules	choice	
chinese-moto-rules-choice-503	機車騎士誤上國道時，以下何種應變方式不正確？<br/>(1) 暫停於路肩安全處，並打通報電話求助<br/>(2) 盡量跟上車流速度行駛於外側車道，在下一個交流道駛離國道<br/>(3) 沿著路肩逆向行駛，趕緊駛離國道。	3	14	chinese	moto	rules	choice	
chinese-moto-rules-choice-504	機車行駛於最外側車道要進入待轉區時，方向燈的使用方式何者正確？<br/>(1) 需打右轉方向燈<br/>(2) 需打左轉方向燈<br/>(3) 無須打方向燈	3	14	chinese	moto	rules	choice	
chinese-moto-rules-choice-505	騎車跟前車行到鐵路平交道前，應<br/>(1) 減速慢行與前車保持更大距離<br/>(2)  與平常依樣行駛<br/>(3) 從旁加速超車通過。	1	15	chinese	moto	rules	choice	
chinese-moto-rules-choice-506	行駛中，駕駛人看到鐵路平交道標誌或標線後，應即將速度減低至時速<br/>(1) 15公里以下<br/>(2) 30公里以下<br/>(3) 無規定。	1	15	chinese	moto	rules	choice	
chinese-moto-rules-choice-507	駕駛人不遵守平交道看守人員指示，或警鈴已響、閃光號誌已顯示，或遮斷器開始放下，仍強行闖越，除罰鍰外記違規點數3點應接受道路交通安全講習，因而肇事者<br/>(1) 吊扣駕駛執照<br/>(2) 吊銷駕駛執照<br/>(3) 吊銷駕駛執照終身不得考領。	3	15	chinese	moto	rules	choice	
chinese-moto-rules-choice-508	駕駛人不遵守平交道看守人員指示，或警鈴已響、閃光號誌已顯示，或遮斷器開始放下，仍強行闖越，除罰鍰外<br/>(1) 記違規點數3點<br/>(2) 應接受道路交通安全講習<br/>(3) 以上皆是。	3	15	chinese	moto	rules	choice	
chinese-moto-rules-choice-509	駕駛人闖越平交道因而肇事者，<br/>(1) 罰鍰<br/>(2) 吊銷駕照終身不得考領<br/>(3) 以上皆是。	3	15	chinese	moto	rules	choice	
chinese-moto-rules-choice-510	駕駛人在鐵路平交道上超車，迴車、倒車或臨時停車，<br/>(1) 處新臺幣15，000元以上60，000元以下罰鍰，記違規點數3點<br/>(2) 因而肇事者並吊銷其駕駛執照<br/>(3) 以上皆是。	3	15	chinese	moto	rules	choice	hard
chinese-moto-rules-choice-511	發現鐵路平交道有故障車輛停滯時，應<br/>(1) 立即按下平交道「緊急按鈕」<br/>(2) 撥打鐵路緊急聯絡電話0800800333<br/>(3) 以上皆是。	3	15	chinese	moto	rules	choice	
chinese-moto-rules-choice-512	鐵路平交道設有遮斷器或看守人員管理，如看守人員未表示停止時，<br/>(1) 仍應看、聽鐵路兩方無火車來時，始得通過<br/>(2) 緊跟前車，加速通過<br/>(3) 把握時機，加速通過。	1	15	chinese	moto	rules	choice	easy
chinese-moto-rules-choice-513	鐵路平交道設有遮斷器或看守人員管理，如遮斷器未放下，<br/>(1) 應把握時間快速通過<br/>(2)  緊跟前車，加速通過<br/>(3) 仍應看、聽鐵路兩方無火車來時，始得通過。	3	15	chinese	moto	rules	choice	
chinese-moto-rules-choice-514	鐵路平交道設有警鈴、閃光號誌者，如警鈴未響、閃光號誌未顯示，<br/>(1) 仍應看、聽鐵路兩方無火車來時，始得通過<br/>(2) 緊跟前車，加速通過<br/>(3) 把握時機， 加速通過。	1	15	chinese	moto	rules	choice	
chinese-moto-rules-choice-515	在鐵路平交道上<br/>(1) 不得停車<br/>(2) 不得迴車<br/>(3) 以上皆是。	3	15	chinese	moto	rules	choice	
chinese-moto-rules-choice-516	騎乘機車經過平交道時<br/>(1) 緊跟前車<br/>(2) 與前車保持適當距離<br/>(3) 加速通過。	2	15	chinese	moto	rules	choice	
chinese-moto-rules-choice-517	按平交道旁機柱上之紅色緊急按鈕，順序為：<br/>(1) 一、推、二、按、三、跑<br/>(2) 一、跑、二、推、三、按<br/>(3) 一、按、二、推、三、跑。	3	15	chinese	moto	rules	choice	hard
chinese-moto-rules-choice-518	強制汽車責任保險法規定義務人若未投保或保險期滿未續保，下列何者不正確？<br/>(1) 免罰<br/>(2) 罰鍰<br/>(3) 未投保汽車肇事時扣留車輛牌照。	1	17	chinese	moto	rules	choice	
chinese-moto-rules-choice-519	強制汽車責任保險法規定的給付項目有<br/>(1) 生命身體的傷害給付<br/>(2) 事故車輛財產損失給付<br/>(3) 車輛失竊損失給付。	1	17	chinese	moto	rules	choice	
chinese-moto-rules-choice-520	機車有投保強制汽車責任保險，駕駛人酒後騎車載友人回家，行駛彎道過快不慎撞擊電線桿，兩人都受傷。可否申請保險金?<br/>(1) 兩人都可以申請<br/>(2) 兩人都不可以申請<br/>(3) 乘客可以申請。	3	17	chinese	moto	rules	choice	hard
chinese-moto-rules-choice-521	甲、乙騎車發生追撞並受傷，經鑑定甲有過失，乙無過失。甲、乙是否都可以申請強制汽車責任保險理賠?<br/>(1) 兩人都可以申請<br/>(2) 兩人都不可以申請<br/>(3) 乙可以申請。	1	17	chinese	moto	rules	choice	
chinese-moto-rules-choice-522	甲、乙騎車發生追撞並受傷，經鑑定甲有酒後騎車情形，乙無過失。甲、乙是否都可以申請強制汽車責任保險理賠?<br/>(1) 兩人都可以申請<br/>(2) 兩人都不可以申請<br/>(3) 乙可以申請。	3	17	chinese	moto	rules	choice	
chinese-moto-rules-choice-523	機車騎士為閃避道路坑洞導致駕駛人及同車乘客不慎撞擊電線桿，誰可要求強制汽車責任險理賠。<br/>(1) 駕駛人<br/>(2) 同車乘客<br/>(3) 以上皆是。	2	17	chinese	moto	rules	choice	hard
chinese-moto-rules-choice-524	於颱風天外出，遭遇山崩、土石流，駕駛人順利逃離，同車乘客受重傷，誰可要求強制汽車責任險理賠？<br/>(1) 駕駛人<br/>(2) 同車乘客<br/>(3) 以上皆是。	2	17	chinese	moto	rules	choice	
chinese-moto-rules-choice-525	強制汽車責任保險法規定的給付項目有<br/>(1) 傷害醫療及殘廢給付<br/>(2) 死亡給付<br/>(3) 以上皆是。	3	17	chinese	moto	rules	choice	
chinese-moto-rules-choice-526	購買機車，依規定必須投保哪種車輛保險?<br/>(1) 強制汽車責任險<br/>(2) 強制駕駛人壽險<br/>(3) 強制汽車損失險。	1	17	chinese	moto	rules	choice	
chinese-moto-rules-choice-527	依規定需強制投保「強制汽車責任保險」之車輛為那些?<br/>(1) 自行車 <br/>(2) 機車及汽車<br/>(3) 以上皆是。	2	17	chinese	moto	rules	choice	
chinese-moto-rules-choice-528	環保駕駛對個人的好處：甲、減少汽油消耗  乙、增進交通安全  丙、減少車輛維修成本  丁、降低駕駛者及乘客搭乘壓力<br/>(1) 甲、乙、丙、丁<br/>(2) 甲、乙<br/>(3) 丙、丁。	1	18	chinese	moto	rules	choice	
chinese-moto-rules-choice-529	下列何種駕駛行為，可以減少車輛維修成本?<br/>(1) 經常急加油加速<br/>(2) 定速行駛<br/>(3) 經常急煞車減速。	2	18	chinese	moto	rules	choice	
chinese-moto-rules-choice-530	胎壓不足、載重越重等耗油的主要因素為?<br/>(1) 輪胎與地面的磨擦阻力增加<br/>(2) 油門控制不當<br/>(3) 暖車較久。	1	18	chinese	moto	rules	choice	
chinese-moto-rules-choice-531	車輛啟動時，環保駕駛的動作不包括下列何者?<br/>(1) 暖車3-5分鐘<br/>(2) 緩慢地加速，5秒中達到時速20公里<br/>(3) 引擎發動後輕加油門。	1	18	chinese	moto	rules	choice	
chinese-moto-rules-choice-532	下列何者不是環保駕駛的好處?<br/>(1) 增加行車時間<br/>(2) 降低二氧化碳的排放量<br/>(3) 減少汽油消耗。	1	18	chinese	moto	rules	choice	
chinese-moto-rules-choice-533	機車駕駛人，行經有燈光號誌管制之大眾捷運系統車輛共用通行交岔路口闖紅燈者：<br/>(1)  罰鍰新臺幣1,800～5,400元並予違規記點。<br/>(2)  吊扣駕照1個月。<br/>(3)  罰鍰新臺幣3,600～10,800元並予違規記點。 	3	12	chinese	moto	rules	choice	
chinese-moto-rules-choice-534	機車行駛至有大眾捷運系統車輛共用通行，但聲光號誌故障而無交通指揮人員指揮之交岔路口時，駕駛人應<br/>(1) 直接加速通過<br/>(2) 暫停、看、聽兩方無大眾捷運系統車輛駛來，始得通過<br/>(3)  按鳴喇叭通過。 	2	12	chinese	moto	rules	choice	
